{
  "fio version": "fio-3.19",
  "timestamp": 1776438225,
  "timestamp_ms": 1776438225107,
  "time": "Fri Apr 17 15:03:45 2026",
  "jobs": [
    {
      "jobname": "rand-rw-perf",
      "groupid": 0,
      "error": 0,
      "eta": 0,
      "elapsed": 31,
      "job options": {
        "name": "rand-rw-perf",
        "rw": "randrw",
        "bs": "4k",
        "size": "64G",
        "time_based": "1",
        "runtime": "30",
        "numjobs": "4",
        "iodepth": "32",
        "ioengine": "libaio",
        "direct": "1",
        "filename": "/mnt/bv/testfile-perf"
      },
      "read": {
        "io_bytes": 2951323648,
        "io_kbytes": 2882152,
        "bw_bytes": 98364339,
        "bw": 96058,
        "iops": 24014.731369,
        "runtime": 30004,
        "total_ios": 720538,
        "short_ios": 0,
        "drop_ios": 0,
        "slat_ns": {
          "min": 3284,
          "max": 2753189,
          "mean": 7891.457178,
          "stddev": 9476.470995,
          "N": 720538
        },
        "clat_ns": {
          "min": 128182,
          "max": 12971031,
          "mean": 1638440.577564,
          "stddev": 1202007.079377,
          "N": 720538,
          "percentile": {
            "1.000000": 536576,
            "5.000000": 651264,
            "10.000000": 733184,
            "20.000000": 856064,
            "30.000000": 978944,
            "40.000000": 1105920,
            "50.000000": 1236992,
            "60.000000": 1417216,
            "70.000000": 1695744,
            "80.000000": 2113536,
            "90.000000": 3096576,
            "95.000000": 3915776,
            "99.000000": 6848512,
            "99.500000": 7897088,
            "99.900000": 9502720,
            "99.950000": 10027008,
            "99.990000": 10944512
          }
        },
        "lat_ns": {
          "min": 308312,
          "max": 12974977,
          "mean": 1646405.160583,
          "stddev": 1201790.769788,
          "N": 720538
        },
        "bw_min": 87955,
        "bw_max": 102648,
        "bw_agg": 100.000000,
        "bw_mean": 96199.508475,
        "bw_dev": 837.704319,
        "bw_samples": 236,
        "iops_min": 21988,
        "iops_max": 25662,
        "iops_mean": 24049.559322,
        "iops_stddev": 209.464948,
        "iops_samples": 236
      },
      "write": {
        "io_bytes": 2955841536,
        "io_kbytes": 2886564,
        "bw_bytes": 98514915,
        "bw": 96205,
        "iops": 24051.493134,
        "runtime": 30004,
        "total_ios": 721641,
        "short_ios": 0,
        "drop_ios": 0,
        "slat_ns": {
          "min": 3575,
          "max": 2764666,
          "mean": 8172.610655,
          "stddev": 9795.837102,
          "N": 721641
        },
        "clat_ns": {
          "min": 413100,
          "max": 36898354,
          "mean": 3668526.121950,
          "stddev": 2170525.352529,
          "N": 721641,
          "percentile": {
            "1.000000": 700416,
            "5.000000": 954368,
            "10.000000": 1204224,
            "20.000000": 1728512,
            "30.000000": 2244608,
            "40.000000": 2834432,
            "50.000000": 3391488,
            "60.000000": 3915776,
            "70.000000": 4554752,
            "80.000000": 5275648,
            "90.000000": 6389760,
            "95.000000": 7438336,
            "99.000000": 10289152,
            "99.500000": 11862016,
            "99.900000": 16449536,
            "99.950000": 18481152,
            "99.990000": 23461888
          }
        },
        "lat_ns": {
          "min": 425779,
          "max": 36905625,
          "mean": 3676772.154695,
          "stddev": 2170270.967476,
          "N": 721641
        },
        "bw_min": 88715,
        "bw_max": 102216,
        "bw_agg": 100.000000,
        "bw_mean": 96343.881356,
        "bw_dev": 748.301359,
        "bw_samples": 236,
        "iops_min": 22178,
        "iops_max": 25554,
        "iops_mean": 24085.711864,
        "iops_stddev": 187.112160,
        "iops_samples": 236
      },
      "trim": {
        "io_bytes": 0,
        "io_kbytes": 0,
        "bw_bytes": 0,
        "bw": 0,
        "iops": 0.000000,
        "runtime": 0,
        "total_ios": 0,
        "short_ios": 0,
        "drop_ios": 0,
        "slat_ns": {
          "min": 0,
          "max": 0,
          "mean": 0.000000,
          "stddev": 0.000000,
          "N": 0
        },
        "clat_ns": {
          "min": 0,
          "max": 0,
          "mean": 0.000000,
          "stddev": 0.000000,
          "N": 0
        },
        "lat_ns": {
          "min": 0,
          "max": 0,
          "mean": 0.000000,
          "stddev": 0.000000,
          "N": 0
        },
        "bw_min": 0,
        "bw_max": 0,
        "bw_agg": 0.000000,
        "bw_mean": 0.000000,
        "bw_dev": 0.000000,
        "bw_samples": 0,
        "iops_min": 0,
        "iops_max": 0,
        "iops_mean": 0.000000,
        "iops_stddev": 0.000000,
        "iops_samples": 0
      },
      "sync": {
        "total_ios": 0,
        "lat_ns": {
          "min": 0,
          "max": 0,
          "mean": 0.000000,
          "stddev": 0.000000,
          "N": 0
        }
      },
      "job_runtime": 120011,
      "usr_cpu": 1.821500,
      "sys_cpu": 12.772163,
      "ctx": 980040,
      "majf": 0,
      "minf": 70,
      "iodepth_level": {
        "1": 0.100000,
        "2": 0.100000,
        "4": 0.100000,
        "8": 0.100000,
        "16": 0.100000,
        "32": 99.991402,
        ">=64": 0.000000
      },
      "iodepth_submit": {
        "0": 0.000000,
        "4": 100.000000,
        "8": 0.000000,
        "16": 0.000000,
        "32": 0.000000,
        "64": 0.000000,
        ">=64": 0.000000
      },
      "iodepth_complete": {
        "0": 0.000000,
        "4": 99.999723,
        "8": 0.000000,
        "16": 0.000000,
        "32": 0.100000,
        "64": 0.000000,
        ">=64": 0.000000
      },
      "latency_ns": {
        "2": 0.000000,
        "4": 0.000000,
        "10": 0.000000,
        "20": 0.000000,
        "50": 0.000000,
        "100": 0.000000,
        "250": 0.000000,
        "500": 0.000000,
        "750": 0.000000,
        "1000": 0.000000
      },
      "latency_us": {
        "2": 0.000000,
        "4": 0.000000,
        "10": 0.000000,
        "20": 0.000000,
        "50": 0.000000,
        "100": 0.000000,
        "250": 0.010000,
        "500": 0.229306,
        "750": 6.283339,
        "1000": 12.298196
      },
      "latency_ms": {
        "2": 32.685124,
        "4": 26.763599,
        "10": 21.132259,
        "20": 0.592160,
        "50": 0.015671,
        "100": 0.000000,
        "250": 0.000000,
        "500": 0.000000,
        "750": 0.000000,
        "1000": 0.000000,
        "2000": 0.000000,
        ">=2000": 0.000000
      },
      "latency_depth": 32,
      "latency_target": 0,
      "latency_percentile": 100.000000,
      "latency_window": 0
    }
  ],
  "disk_util": [
    {
      "name": "dm-2",
      "read_ios": 719185,
      "write_ios": 720249,
      "read_merges": 1,
      "write_merges": 8,
      "read_ticks": 1181519,
      "write_ticks": 2638726,
      "in_queue": 3820245,
      "util": 99.853299,
      "aggr_read_ios": 164924,
      "aggr_write_ios": 162082,
      "aggr_read_merges": 0,
      "aggr_write_merge": 0,
      "aggr_read_ticks": 91499,
      "aggr_write_ticks": 97788,
      "aggr_in_queue": 189287,
      "aggr_util": 99.750673
    },
    {
      "name": "sdf",
      "read_ios": 2,
      "write_ios": 0,
      "read_merges": 0,
      "write_merges": 0,
      "read_ticks": 0,
      "write_ticks": 0,
      "in_queue": 0,
      "util": 0.009973
    },
    {
      "name": "sdd",
      "read_ios": 2,
      "write_ios": 0,
      "read_merges": 0,
      "write_merges": 0,
      "read_ticks": 0,
      "write_ticks": 0,
      "in_queue": 0,
      "util": 0.006649
    },
    {
      "name": "sdb",
      "read_ios": 824617,
      "write_ios": 810412,
      "read_merges": 0,