{
  "fio version": "fio-3.19",
  "timestamp": 1776438185,
  "timestamp_ms": 1776438185940,
  "time": "Fri Apr 17 15:03:05 2026",
  "jobs": [
    {
      "jobname": "seq-rw-perf",
      "groupid": 0,
      "error": 0,
      "eta": 0,
      "elapsed": 31,
      "job options": {
        "name": "seq-rw-perf",
        "rw": "rw",
        "bs": "1M",
        "size": "64G",
        "time_based": "1",
        "runtime": "30",
        "numjobs": "1",
        "iodepth": "1",
        "ioengine": "libaio",
        "direct": "1",
        "filename": "/mnt/bv/testfile-perf"
      },
      "read": {
        "io_bytes": 5754585088,
        "io_kbytes": 5619712,
        "bw_bytes": 191806715,
        "bw": 187311,
        "iops": 182.921139,
        "runtime": 30002,
        "total_ios": 5488,
        "short_ios": 0,
        "drop_ios": 0,
        "slat_ns": {
          "min": 33470,
          "max": 102764,
          "mean": 41720.929847,
          "stddev": 4226.480045,
          "N": 5488
        },
        "clat_ns": {
          "min": 1929373,
          "max": 6432376,
          "mean": 2598779.487063,
          "stddev": 251865.083870,
          "N": 5488,
          "percentile": {
            "1.000000": 2039808,
            "5.000000": 2211840,
            "10.000000": 2310144,
            "20.000000": 2408448,
            "30.000000": 2473984,
            "40.000000": 2506752,
            "50.000000": 2572288,
            "60.000000": 2637824,
            "70.000000": 2703360,
            "80.000000": 2801664,
            "90.000000": 2932736,
            "95.000000": 3031040,
            "99.000000": 3162112,
            "99.500000": 3260416,
            "99.900000": 3457024,
            "99.950000": 3784704,
            "99.990000": 6455296
          }
        },
        "lat_ns": {
          "min": 1968132,
          "max": 6477414,
          "mean": 2640607.219752,
          "stddev": 252196.996788,
          "N": 5488
        },
        "bw_min": 143360,
        "bw_max": 239616,
        "bw_agg": 99.953300,
        "bw_mean": 187223.525424,
        "bw_dev": 19966.124610,
        "bw_samples": 59,
        "iops_min": 140,
        "iops_max": 234,
        "iops_mean": 182.796610,
        "iops_stddev": 19.534920,
        "iops_samples": 59
      },
      "write": {
        "io_bytes": 5780799488,
        "io_kbytes": 5645312,
        "bw_bytes": 192680470,
        "bw": 188164,
        "iops": 183.754416,
        "runtime": 30002,
        "total_ios": 5513,
        "short_ios": 0,
        "drop_ios": 0,
        "slat_ns": {
          "min": 28203,
          "max": 125999,
          "mean": 55505.690912,
          "stddev": 14587.576694,
          "N": 5513
        },
        "clat_ns": {
          "min": 2026079,
          "max": 8380017,
          "mean": 2756234.392890,
          "stddev": 272406.073315,
          "N": 5513,
          "percentile": {
            "1.000000": 2211840,
            "5.000000": 2375680,
            "10.000000": 2441216,
            "20.000000": 2539520,
            "30.000000": 2605056,
            "40.000000": 2670592,
            "50.000000": 2736128,
            "60.000000": 2801664,
            "70.000000": 2867200,
            "80.000000": 2965504,
            "90.000000": 3096576,
            "95.000000": 3194880,
            "99.000000": 3457024,
            "99.500000": 3588096,
            "99.900000": 3883008,
            "99.950000": 4423680,
            "99.990000": 8355840
          }
        },
        "lat_ns": {
          "min": 2107380,
          "max": 8446326,
          "mean": 2811855.106838,
          "stddev": 270340.242463,
          "N": 5513
        },
        "bw_min": 153600,
        "bw_max": 227328,
        "bw_agg": 100.000000,
        "bw_mean": 188514.728814,
        "bw_dev": 15013.561570,
        "bw_samples": 59,
        "iops_min": 150,
        "iops_max": 222,
        "iops_mean": 184.050847,
        "iops_stddev": 14.618627,
        "iops_samples": 59
      },
      "trim": {
        "io_bytes": 0,
        "io_kbytes": 0,
        "bw_bytes": 0,
        "bw": 0,
        "iops": 0.000000,
        "runtime": 0,
        "total_ios": 0,
        "short_ios": 0,
        "drop_ios": 0,
        "slat_ns": {
          "min": 0,
          "max": 0,
          "mean": 0.000000,
          "stddev": 0.000000,
          "N": 0
        },
        "clat_ns": {
          "min": 0,
          "max": 0,
          "mean": 0.000000,
          "stddev": 0.000000,
          "N": 0
        },
        "lat_ns": {
          "min": 0,
          "max": 0,
          "mean": 0.000000,
          "stddev": 0.000000,
          "N": 0
        },
        "bw_min": 0,
        "bw_max": 0,
        "bw_agg": 0.000000,
        "bw_mean": 0.000000,
        "bw_dev": 0.000000,
        "bw_samples": 0,
        "iops_min": 0,
        "iops_max": 0,
        "iops_mean": 0.000000,
        "iops_stddev": 0.000000,
        "iops_samples": 0
      },
      "sync": {
        "total_ios": 0,
        "lat_ns": {
          "min": 0,
          "max": 0,
          "mean": 0.000000,
          "stddev": 0.000000,
          "N": 0
        }
      },
      "job_runtime": 30001,
      "usr_cpu": 0.476651,
      "sys_cpu": 1.609946,
      "ctx": 11008,
      "majf": 0,
      "minf": 13,
      "iodepth_level": {
        "1": 100.000000,
        "2": 0.000000,
        "4": 0.000000,
        "8": 0.000000,
        "16": 0.000000,
        "32": 0.000000,
        ">=64": 0.000000
      },
      "iodepth_submit": {
        "0": 0.000000,
        "4": 100.000000,
        "8": 0.000000,
        "16": 0.000000,
        "32": 0.000000,
        "64": 0.000000,
        ">=64": 0.000000
      },
      "iodepth_complete": {
        "0": 0.000000,
        "4": 100.000000,
        "8": 0.000000,
        "16": 0.000000,
        "32": 0.000000,
        "64": 0.000000,
        ">=64": 0.000000
      },
      "latency_ns": {
        "2": 0.000000,
        "4": 0.000000,
        "10": 0.000000,
        "20": 0.000000,
        "50": 0.000000,
        "100": 0.000000,
        "250": 0.000000,
        "500": 0.000000,
        "750": 0.000000,
        "1000": 0.000000
      },
      "latency_us": {
        "2": 0.000000,
        "4": 0.000000,
        "10": 0.000000,
        "20": 0.000000,
        "50": 0.000000,
        "100": 0.000000,
        "250": 0.000000,
        "500": 0.000000,
        "750": 0.000000,
        "1000": 0.000000
      },
      "latency_ms": {
        "2": 0.190892,
        "4": 99.763658,
        "10": 0.045450,
        "20": 0.000000,
        "50": 0.000000,
        "100": 0.000000,
        "250": 0.000000,
        "500": 0.000000,
        "750": 0.000000,
        "1000": 0.000000,
        "2000": 0.000000,
        ">=2000": 0.000000
      },
      "latency_depth": 1,
      "latency_target": 0,
      "latency_percentile": 100.000000,
      "latency_window": 0
    }
  ],
  "disk_util": [
    {
      "name": "dm-2",
      "read_ios": 5477,
      "write_ios": 5515,
      "read_merges": 0,
      "write_merges": 6,
      "read_ticks": 14301,
      "write_ticks": 15222,
      "in_queue": 29523,
      "util": 99.836634,
      "aggr_read_ios": 1099,
      "aggr_write_ios": 1105,
      "aggr_read_merges": 0,
      "aggr_write_merge": 0,
      "aggr_read_ticks": 2860,
      "aggr_write_ticks": 3036,
      "aggr_in_queue": 5896,
      "aggr_util": 99.750648
    },
    {
      "name": "sdf",
      "read_ios": 2,
      "write_ios": 0,
      "read_merges": 0,
      "write_merges": 0,
      "read_ticks": 1,
      "write_ticks": 0,
      "in_queue": 1,
      "util": 0.009974
    },
    {
      "name": "sdd",
      "read_ios": 2,
      "write_ios": 0,
      "read_merges": 0,
      "write_merges": 0,
      "read_ticks": 1,
      "write_ticks": 0,
      "in_queue": 1,
      "util": 0.006649
    },
    {
      "name": "sdb",
      "read_ios": 5490,
      "write_ios": 5525,
      "read_merges": 0,
      "write_merges": 0,
      "read_ticks": 14296,