{
  "fio version" : "fio-3.19",
  "timestamp" : 1776437205,
  "timestamp_ms" : 1776437205876,
  "time" : "Fri Apr 17 14:46:45 2026",
  "jobs" : [
    {
      "jobname" : "seq-rw-perf",
      "groupid" : 0,
      "error" : 0,
      "eta" : 0,
      "elapsed" : 451,
      "job options" : {
        "name" : "seq-rw-perf",
        "rw" : "rw",
        "bs" : "1M",
        "size" : "64G",
        "time_based" : "1",
        "runtime" : "450",
        "numjobs" : "1",
        "ioengine" : "libaio",
        "direct" : "1",
        "filename" : "/mnt/bv/testfile-perf"
      },
      "read" : {
        "io_bytes" : 65316847616,
        "io_kbytes" : 63785984,
        "bw_bytes" : 145147905,
        "bw" : 141746,
        "iops" : 138.423829,
        "runtime" : 450002,
        "total_ios" : 62291,
        "short_ios" : 0,
        "drop_ios" : 0,
        "slat_ns" : {
          "min" : 24086,
          "max" : 2725798,
          "mean" : 37510.799955,
          "stddev" : 16440.534769,
          "N" : 62291
        },
        "clat_ns" : {
          "min" : 1092,
          "max" : 30974140,
          "mean" : 3031653.054727,
          "stddev" : 671200.347448,
          "N" : 62291,
          "percentile" : {
            "1.000000" : 2088960,
            "5.000000" : 2244608,
            "10.000000" : 2375680,
            "20.000000" : 2539520,
            "30.000000" : 2670592,
            "40.000000" : 2768896,
            "50.000000" : 2899968,
            "60.000000" : 3031040,
            "70.000000" : 3194880,
            "80.000000" : 3391488,
            "90.000000" : 3817472,
            "95.000000" : 4554752,
            "99.000000" : 5275648,
            "99.500000" : 5472256,
            "99.900000" : 5865472,
            "99.950000" : 6127616,
            "99.990000" : 8454144
          }
        },
        "lat_ns" : {
          "min" : 1853359,
          "max" : 31009343,
          "mean" : 3069268.151017,
          "stddev" : 671140.029133,
          "N" : 62291
        },
        "bw_min" : 88064,
        "bw_max" : 245760,
        "bw_agg" : 100.000000,
        "bw_mean" : 141995.142539,
        "bw_dev" : 26816.563426,
        "bw_samples" : 898,
        "iops_min" : 86,
        "iops_max" : 240,
        "iops_mean" : 138.650334,
        "iops_stddev" : 26.193266,
        "iops_samples" : 898
      },
      "write" : {
        "io_bytes" : 65068335104,
        "io_kbytes" : 63543296,
        "bw_bytes" : 144595657,
        "bw" : 141206,
        "iops" : 137.897165,
        "runtime" : 450002,
        "total_ios" : 62054,
        "short_ios" : 0,
        "drop_ios" : 0,
        "slat_ns" : {
          "min" : 22504,
          "max" : 334381,
          "mean" : 48178.247800,
          "stddev" : 19797.225073,
          "N" : 62054
        },
        "clat_ns" : {
          "min" : 1904896,
          "max" : 38933245,
          "mean" : 4121001.478825,
          "stddev" : 1280418.033064,
          "N" : 62054,
          "percentile" : {
            "1.000000" : 2179072,
            "5.000000" : 2375680,
            "10.000000" : 2572288,
            "20.000000" : 3031040,
            "30.000000" : 3325952,
            "40.000000" : 3620864,
            "50.000000" : 3915776,
            "60.000000" : 4292608,
            "70.000000" : 4685824,
            "80.000000" : 5144576,
            "90.000000" : 5799936,
            "95.000000" : 6389760,
            "99.000000" : 7831552,
            "99.500000" : 8290304,
            "99.900000" : 9502720,
            "99.950000" : 9895936,
            "99.990000" : 11337728
          }
        },
        "lat_ns" : {
          "min" : 1934040,
          "max" : 38993555,
          "mean" : 4169289.989638,
          "stddev" : 1280620.739785,
          "N" : 62054
        },
        "bw_min" : 98304,
        "bw_max" : 237568,
        "bw_agg" : 100.000000,
        "bw_mean" : 141464.811804,
        "bw_dev" : 25135.783930,
        "bw_samples" : 898,
        "iops_min" : 96,
        "iops_max" : 232,
        "iops_mean" : 138.132517,
        "iops_stddev" : 24.548208,
        "iops_samples" : 898
      },
      "trim" : {
        "io_bytes" : 0,
        "io_kbytes" : 0,
        "bw_bytes" : 0,
        "bw" : 0,
        "iops" : 0.000000,
        "runtime" : 0,
        "total_ios" : 0,
        "short_ios" : 0,
        "drop_ios" : 0,
        "slat_ns" : {
          "min" : 0,
          "max" : 0,
          "mean" : 0.000000,
          "stddev" : 0.000000,
          "N" : 0
        },
        "clat_ns" : {
          "min" : 0,
          "max" : 0,
          "mean" : 0.000000,
          "stddev" : 0.000000,
          "N" : 0
        },
        "lat_ns" : {
          "min" : 0,
          "max" : 0,
          "mean" : 0.000000,
          "stddev" : 0.000000,
          "N" : 0
        },
        "bw_min" : 0,
        "bw_max" : 0,
        "bw_agg" : 0.000000,
        "bw_mean" : 0.000000,
        "bw_dev" : 0.000000,
        "bw_samples" : 0,
        "iops_min" : 0,
        "iops_max" : 0,
        "iops_mean" : 0.000000,
        "iops_stddev" : 0.000000,
        "iops_samples" : 0
      },
      "sync" : {
        "total_ios" : 0,
        "lat_ns" : {
          "min" : 0,
          "max" : 0,
          "mean" : 0.000000,
          "stddev" : 0.000000,
          "N" : 0
        }
      },
      "job_runtime" : 450001,
      "usr_cpu" : 0.425777,
      "sys_cpu" : 1.038220,
      "ctx" : 124373,
      "majf" : 0,
      "minf" : 16,
      "iodepth_level" : {
        "1" : 100.000000,
        "2" : 0.000000,
        "4" : 0.000000,
        "8" : 0.000000,
        "16" : 0.000000,
        "32" : 0.000000,
        ">=64" : 0.000000
      },
      "iodepth_submit" : {
        "0" : 0.000000,
        "4" : 100.000000,
        "8" : 0.000000,
        "16" : 0.000000,
        "32" : 0.000000,
        "64" : 0.000000,
        ">=64" : 0.000000
      },
      "iodepth_complete" : {
        "0" : 0.000000,
        "4" : 100.000000,
        "8" : 0.000000,
        "16" : 0.000000,
        "32" : 0.000000,
        "64" : 0.000000,
        ">=64" : 0.000000
      },
      "latency_ns" : {
        "2" : 0.000000,
        "4" : 0.000000,
        "10" : 0.000000,
        "20" : 0.000000,
        "50" : 0.000000,
        "100" : 0.000000,
        "250" : 0.000000,
        "500" : 0.000000,
        "750" : 0.000000,
        "1000" : 0.000000
      },
      "latency_us" : {
        "2" : 0.010000,
        "4" : 0.000000,
        "10" : 0.000000,
        "20" : 0.000000,
        "50" : 0.000000,
        "100" : 0.000000,
        "250" : 0.000000,
        "500" : 0.000000,
        "750" : 0.000000,
        "1000" : 0.000000
      },
      "latency_ms" : {
        "2" : 0.130283,
        "4" : 71.906389,
        "10" : 27.933572,
        "20" : 0.025735,
        "50" : 0.010000,
        "100" : 0.000000,
        "250" : 0.000000,
        "500" : 0.000000,
        "750" : 0.000000,
        "1000" : 0.000000,
        "2000" : 0.000000,
        ">=2000" : 0.000000
      },
      "latency_depth" : 1,
      "latency_target" : 0,
      "latency_percentile" : 100.000000,
      "latency_window" : 0
    }
  ],
  "disk_util" : [
    {
      "name" : "dm-2",
      "read_ios" : 114560,
      "write_ios" : 114298,
      "read_merges" : 0,
      "write_merges" : 90,
      "read_ticks" : 354119,
      "write_ticks" : 486937,
      "in_queue" : 841055,
      "util" : 99.719975,
      "aggr_read_ios" : 22935,
      "aggr_write_ios" : 22860,
      "aggr_read_merges" : 0,
      "aggr_write_merge" : 0,
      "aggr_read_ticks" : 70680,
      "aggr_write_ticks" : 97140,
      "aggr_in_queue" : 167820,
      "aggr_util" : 100.000000
    },
    {
      "name" : "sdf",
      "read_ios" : 22,
      "write_ios" : 0,
      "read_merges" : 0,
      "write_merges" : 0,
      "read_ticks" : 5,
      "write_ticks" : 0,
      "in_queue" : 5,
      "util" : 0.006232
    },
    {
      "name" : "sdd",
      "read_ios" : 22,
      "write_ios" : 0,