{
  "fio version" : "fio-3.19",
  "timestamp" : 1776441016,
  "timestamp_ms" : 1776441016426,
  "time" : "Fri Apr 17 15:50:16 2026",
  "global options" : {
    "runtime" : "60",
    "ioengine" : "libaio",
    "direct" : "1",
    "time_based" : "1",
    "runtime" : "60",
    "ramp_time" : "30",
    "group_reporting" : "1",
    "size" : "64G",
    "numjobs" : "4",
    "iodepth" : "32",
    "invalidate" : "1",
    "fsync_on_close" : "1",
    "filename" : "/mnt/bv/testfile-perf"
  },
  "jobs" : [
    {
      "jobname" : "mixed-8k",
      "groupid" : 0,
      "error" : 0,
      "eta" : 0,
      "elapsed" : 91,
      "job options" : {
        "rw" : "randrw",
        "rwmixread" : "70",
        "bs" : "8k"
      },
      "read" : {
        "io_bytes" : 14229536768,
        "io_kbytes" : 13896032,
        "bw_bytes" : 237135232,
        "bw" : 231577,
        "iops" : 28945.838749,
        "runtime" : 60006,
        "total_ios" : 1736924,
        "short_ios" : 0,
        "drop_ios" : 0,
        "slat_ns" : {
          "min" : 3425,
          "max" : 3051276,
          "mean" : 8099.558414,
          "stddev" : 8746.060855,
          "N" : 1736924
        },
        "clat_ns" : {
          "min" : 67772,
          "max" : 67393154,
          "mean" : 3066651.464672,
          "stddev" : 1894027.644239,
          "N" : 1737004,
          "percentile" : {
            "1.000000" : 675840,
            "5.000000" : 888832,
            "10.000000" : 1073152,
            "20.000000" : 1433600,
            "30.000000" : 1810432,
            "40.000000" : 2244608,
            "50.000000" : 2703360,
            "60.000000" : 3227648,
            "70.000000" : 3784704,
            "80.000000" : 4423680,
            "90.000000" : 5406720,
            "95.000000" : 6455296,
            "99.000000" : 9109504,
            "99.500000" : 10420224,
            "99.900000" : 14745600,
            "99.950000" : 16908288,
            "99.990000" : 23461888
          }
        },
        "lat_ns" : {
          "min" : 340972,
          "max" : 67409578,
          "mean" : 3074824.820056,
          "stddev" : 1893863.145561,
          "N" : 1737004
        },
        "bw_min" : 199744,
        "bw_max" : 258256,
        "bw_agg" : 100.000000,
        "bw_mean" : 231857.823529,
        "bw_dev" : 2561.880461,
        "bw_samples" : 476,
        "iops_min" : 24968,
        "iops_max" : 32282,
        "iops_mean" : 28981.865546,
        "iops_stddev" : 320.234461,
        "iops_samples" : 476
      },
      "write" : {
        "io_bytes" : 6107938816,
        "io_kbytes" : 5964784,
        "bw_bytes" : 101788801,
        "bw" : 99403,
        "iops" : 12424.657534,
        "runtime" : 60006,
        "total_ios" : 745554,
        "short_ios" : 0,
        "drop_ios" : 0,
        "slat_ns" : {
          "min" : 3775,
          "max" : 3982172,
          "mean" : 8497.020987,
          "stddev" : 12881.844926,
          "N" : 745554
        },
        "clat_ns" : {
          "min" : 340230,
          "max" : 33033558,
          "mean" : 3127602.634980,
          "stddev" : 1970526.692559,
          "N" : 745598,
          "percentile" : {
            "1.000000" : 741376,
            "5.000000" : 962560,
            "10.000000" : 1155072,
            "20.000000" : 1515520,
            "30.000000" : 1859584,
            "40.000000" : 2211840,
            "50.000000" : 2637824,
            "60.000000" : 3129344,
            "70.000000" : 3719168,
            "80.000000" : 4489216,
            "90.000000" : 5734400,
            "95.000000" : 6914048,
            "99.000000" : 9633792,
            "99.500000" : 10944512,
            "99.900000" : 14221312,
            "99.950000" : 15925248,
            "99.990000" : 21364736
          }
        },
        "lat_ns" : {
          "min" : 374952,
          "max" : 33042682,
          "mean" : 3136173.868683,
          "stddev" : 1970405.462657,
          "N" : 745598
        },
        "bw_min" : 85456,
        "bw_max" : 112040,
        "bw_agg" : 100.000000,
        "bw_mean" : 99514.512605,
        "bw_dev" : 1199.698330,
        "bw_samples" : 476,
        "iops_min" : 10682,
        "iops_max" : 14005,
        "iops_mean" : 12438.815126,
        "iops_stddev" : 149.960991,
        "iops_samples" : 476
      },
      "trim" : {
        "io_bytes" : 0,
        "io_kbytes" : 0,
        "bw_bytes" : 0,
        "bw" : 0,
        "iops" : 0.000000,
        "runtime" : 0,
        "total_ios" : 0,
        "short_ios" : 0,
        "drop_ios" : 0,
        "slat_ns" : {
          "min" : 0,
          "max" : 0,
          "mean" : 0.000000,
          "stddev" : 0.000000,
          "N" : 0
        },
        "clat_ns" : {
          "min" : 0,
          "max" : 0,
          "mean" : 0.000000,
          "stddev" : 0.000000,
          "N" : 0
        },
        "lat_ns" : {
          "min" : 0,
          "max" : 0,
          "mean" : 0.000000,
          "stddev" : 0.000000,
          "N" : 0
        },
        "bw_min" : 0,
        "bw_max" : 0,
        "bw_agg" : 0.000000,
        "bw_mean" : 0.000000,
        "bw_dev" : 0.000000,
        "bw_samples" : 0,
        "iops_min" : 0,
        "iops_max" : 0,
        "iops_mean" : 0.000000,
        "iops_stddev" : 0.000000,
        "iops_samples" : 0
      },
      "sync" : {
        "total_ios" : 0,
        "lat_ns" : {
          "min" : 0,
          "max" : 0,
          "mean" : 0.000000,
          "stddev" : 0.000000,
          "N" : 0
        }
      },
      "job_runtime" : 240016,
      "usr_cpu" : 1.667389,
      "sys_cpu" : 11.203003,
      "ctx" : 1706851,
      "majf" : 0,
      "minf" : 234,
      "iodepth_level" : {
        "1" : 0.000000,
        "2" : 0.000000,
        "4" : 0.000000,
        "8" : 0.000000,
        "16" : 0.000000,
        "32" : 100.000000,
        ">=64" : 0.000000
      },
      "iodepth_submit" : {
        "0" : 0.000000,
        "4" : 100.000000,
        "8" : 0.000000,
        "16" : 0.000000,
        "32" : 0.000000,
        "64" : 0.000000,
        ">=64" : 0.000000
      },
      "iodepth_complete" : {
        "0" : 0.000000,
        "4" : 99.999839,
        "8" : 0.000000,
        "16" : 0.000000,
        "32" : 0.100000,
        "64" : 0.000000,
        ">=64" : 0.000000
      },
      "latency_ns" : {
        "2" : 0.000000,
        "4" : 0.000000,
        "10" : 0.000000,
        "20" : 0.000000,
        "50" : 0.000000,
        "100" : 0.000000,
        "250" : 0.000000,
        "500" : 0.000000,
        "750" : 0.000000,
        "1000" : 0.000000
      },
      "latency_us" : {
        "2" : 0.000000,
        "4" : 0.000000,
        "10" : 0.000000,
        "20" : 0.000000,
        "50" : 0.000000,
        "100" : 0.010000,
        "250" : 0.010000,
        "500" : 0.039598,
        "750" : 1.703338,
        "1000" : 5.537169
      },
      "latency_ms" : {
        "2" : 27.151258,
        "4" : 39.579807,
        "10" : 25.317002,
        "20" : 0.655998,
        "50" : 0.020222,
        "100" : 0.010000,
        "250" : 0.000000,
        "500" : 0.000000,
        "750" : 0.000000,
        "1000" : 0.000000,
        "2000" : 0.000000,
        ">=2000" : 0.000000
      },
      "latency_depth" : 32,
      "latency_target" : 0,
      "latency_percentile" : 100.000000,
      "latency_window" : 0
    }
  ],
  "disk_util" : [
    {
      "name" : "dm-2",
      "read_ios" : 2590566,
      "write_ios" : 1114722,
      "read_merges" : 31,
      "write_merges" : 55,
      "read_ticks" : 7974600,
      "write_ticks" : 3504803,
      "in_queue" : 11479403,
      "util" : 100.000000,
      "aggr_read_ios" : 590573,
      "aggr_write_ios" : 255125,
      "aggr_read_merges" : 0,
      "aggr_write_merge" : 0,
      "aggr_read_ticks" : 391074,
      "aggr_write_ticks" : 178878,
      "aggr_in_queue" : 569953,
      "aggr_util" : 100.000000
    },
    {
      "name" : "sdf",
      "read_ios" : 4,
      "write_ios" : 0,
      "read_merges" : 0,
      "write_merges" : 0,