{
  "fio version" : "fio-3.19",
  "timestamp" : 1777061560,
  "timestamp_ms" : 1777061560495,
  "time" : "Fri Apr 24 20:12:40 2026",
  "jobs" : [
    {
      "jobname" : "read-1m",
      "groupid" : 0,
      "error" : 0,
      "eta" : 0,
      "elapsed" : 11,
      "job options" : {
        "name" : "read-1m",
        "rw" : "read",
        "bs" : "1M",
        "size" : "16G",
        "time_based" : "1",
        "runtime" : "10",
        "numjobs" : "4",
        "iodepth" : "32",
        "ioengine" : "libaio",
        "direct" : "1",
        "filename" : "/mnt/sprint20/testfile"
      },
      "read" : {
        "io_bytes" : 21914189824,
        "io_kbytes" : 21400576,
        "bw_bytes" : 2176617980,
        "bw" : 2125603,
        "iops" : 2075.784664,
        "runtime" : 10068,
        "total_ios" : 20899,
        "short_ios" : 0,
        "drop_ios" : 0,
        "slat_ns" : {
          "min" : 23085,
          "max" : 439420,
          "mean" : 35306.130293,
          "stddev" : 18437.716064,
          "N" : 20899
        },
        "clat_ns" : {
          "min" : 31184960,
          "max" : 484522970,
          "mean" : 61588906.450404,
          "stddev" : 30475379.570990,
          "N" : 20899,
          "percentile" : {
            "1.000000" : 33816576,
            "5.000000" : 36438016,
            "10.000000" : 39059456,
            "20.000000" : 42205184,
            "30.000000" : 44826624,
            "40.000000" : 47972352,
            "50.000000" : 52166656,
            "60.000000" : 58982400,
            "70.000000" : 67633152,
            "80.000000" : 79167488,
            "90.000000" : 93847552,
            "95.000000" : 106430464,
            "99.000000" : 139460608,
            "99.500000" : 179306496,
            "99.900000" : 476053504,
            "99.950000" : 480247808,
            "99.990000" : 480247808
          }
        },
        "lat_ns" : {
          "min" : 31548846,
          "max" : 484550412,
          "mean" : 61624336.960237,
          "stddev" : 30474817.875032,
          "N" : 20899
        },
        "bw_min" : 1815652,
        "bw_max" : 3192589,
        "bw_agg" : 99.871189,
        "bw_mean" : 2122865.000000,
        "bw_dev" : 106508.674134,
        "bw_samples" : 76,
        "iops_min" : 1773,
        "iops_max" : 3116,
        "iops_mean" : 2072.736842,
        "iops_stddev" : 103.847263,
        "iops_samples" : 76
      },
      "write" : {
        "io_bytes" : 0,
        "io_kbytes" : 0,
        "bw_bytes" : 0,
        "bw" : 0,
        "iops" : 0.000000,
        "runtime" : 0,
        "total_ios" : 0,
        "short_ios" : 0,
        "drop_ios" : 0,
        "slat_ns" : {
          "min" : 0,
          "max" : 0,
          "mean" : 0.000000,
          "stddev" : 0.000000,
          "N" : 0
        },
        "clat_ns" : {
          "min" : 0,
          "max" : 0,
          "mean" : 0.000000,
          "stddev" : 0.000000,
          "N" : 0
        },
        "lat_ns" : {
          "min" : 0,
          "max" : 0,
          "mean" : 0.000000,
          "stddev" : 0.000000,
          "N" : 0
        },
        "bw_min" : 0,
        "bw_max" : 0,
        "bw_agg" : 0.000000,
        "bw_mean" : 0.000000,
        "bw_dev" : 0.000000,
        "bw_samples" : 0,
        "iops_min" : 0,
        "iops_max" : 0,
        "iops_mean" : 0.000000,
        "iops_stddev" : 0.000000,
        "iops_samples" : 0
      },
      "trim" : {
        "io_bytes" : 0,
        "io_kbytes" : 0,
        "bw_bytes" : 0,
        "bw" : 0,
        "iops" : 0.000000,
        "runtime" : 0,
        "total_ios" : 0,
        "short_ios" : 0,
        "drop_ios" : 0,
        "slat_ns" : {
          "min" : 0,
          "max" : 0,
          "mean" : 0.000000,
          "stddev" : 0.000000,
          "N" : 0
        },
        "clat_ns" : {
          "min" : 0,
          "max" : 0,
          "mean" : 0.000000,
          "stddev" : 0.000000,
          "N" : 0
        },
        "lat_ns" : {
          "min" : 0,
          "max" : 0,
          "mean" : 0.000000,
          "stddev" : 0.000000,
          "N" : 0
        },
        "bw_min" : 0,
        "bw_max" : 0,
        "bw_agg" : 0.000000,
        "bw_mean" : 0.000000,
        "bw_dev" : 0.000000,
        "bw_samples" : 0,
        "iops_min" : 0,
        "iops_max" : 0,
        "iops_mean" : 0.000000,
        "iops_stddev" : 0.000000,
        "iops_samples" : 0
      },
      "sync" : {
        "total_ios" : 0,
        "lat_ns" : {
          "min" : 0,
          "max" : 0,
          "mean" : 0.000000,
          "stddev" : 0.000000,
          "N" : 0
        }
      },
      "job_runtime" : 40264,
      "usr_cpu" : 0.176336,
      "sys_cpu" : 2.289887,
      "ctx" : 20385,
      "majf" : 0,
      "minf" : 2168,
      "iodepth_level" : {
        "1" : 0.100000,
        "2" : 0.100000,
        "4" : 0.100000,
        "8" : 0.153117,
        "16" : 0.306235,
        "32" : 99.406670,
        ">=64" : 0.000000
      },
      "iodepth_submit" : {
        "0" : 0.000000,
        "4" : 100.000000,
        "8" : 0.000000,
        "16" : 0.000000,
        "32" : 0.000000,
        "64" : 0.000000,
        ">=64" : 0.000000
      },
      "iodepth_complete" : {
        "0" : 0.000000,
        "4" : 99.980750,
        "8" : 0.000000,
        "16" : 0.000000,
        "32" : 0.100000,
        "64" : 0.000000,
        ">=64" : 0.000000
      },
      "latency_ns" : {
        "2" : 0.000000,
        "4" : 0.000000,
        "10" : 0.000000,
        "20" : 0.000000,
        "50" : 0.000000,
        "100" : 0.000000,
        "250" : 0.000000,
        "500" : 0.000000,
        "750" : 0.000000,
        "1000" : 0.000000
      },
      "latency_us" : {
        "2" : 0.000000,
        "4" : 0.000000,
        "10" : 0.000000,
        "20" : 0.000000,
        "50" : 0.000000,
        "100" : 0.000000,
        "250" : 0.000000,
        "500" : 0.000000,
        "750" : 0.000000,
        "1000" : 0.000000
      },
      "latency_ms" : {
        "2" : 0.000000,
        "4" : 0.000000,
        "10" : 0.000000,
        "20" : 0.000000,
        "50" : 45.595483,
        "100" : 47.251065,
        "250" : 6.655821,
        "500" : 0.497631,
        "750" : 0.000000,
        "1000" : 0.000000,
        "2000" : 0.000000,
        ">=2000" : 0.000000
      },
      "latency_depth" : 32,
      "latency_target" : 0,
      "latency_percentile" : 100.000000,
      "latency_window" : 0
    }
  ],
  "disk_util" : [
    {
      "name" : "dm-2",
      "read_ios" : 20729,
      "write_ios" : 0,
      "read_merges" : 0,
      "write_merges" : 0,
      "read_ticks" : 1262798,
      "write_ticks" : 0,
      "in_queue" : 1262798,
      "util" : 99.179508,
      "aggr_read_ios" : 4179,
      "aggr_write_ios" : 0,
      "aggr_read_merges" : 0,
      "aggr_write_merge" : 0,
      "aggr_read_ticks" : 256675,
      "aggr_write_ticks" : 0,
      "aggr_in_queue" : 256675,
      "aggr_util" : 96.866097
    },
    {
      "name" : "sdf",
      "read_ios" : 4338,
      "write_ios" : 0,
      "read_merges" : 0,
      "write_merges" : 0,
      "read_ticks" : 256066,
      "write_ticks" : 0,
      "in_queue" : 256066,
      "util" : 93.427645
    },
    {
      "name" : "sdd",
      "read_ios" : 5675,
      "write_ios" : 0,
      "read_merges" : 0,
      "write_merges" : 0,
      "read_ticks" : 251751,
      "write_ticks" : 0,
      "in_queue" : 251751,
      "util" : 92.248747
    },
    {
      "name" : "sdb",
      "read_ios" : 4090,
      "write_ios" : 0,
      "read_merges" : 0,
      "write_merges" : 0,
      "read_ticks" : 257007,
      "write_ticks" : 0,
      "in_queue" : 257007,
      "util" : 94.321643
    },
    {
      "name" : "sde",
      "read_ios" : 3324,
      "write_ios" : 0,
      "read_merges" : 0,
      "write_merges" : 0,
      "read_ticks" : 259593,
      "write_ticks" : 0,
      "in_queue" : 259593,
      "util" : 96.866097
    },
    {
      "name" : "sdc",
      "read_ios" : 3472,
      "write_ios" : 0,