{
  "fio version" : "fio-3.19",
  "timestamp" : 1777060132,
  "timestamp_ms" : 1777060132544,
  "time" : "Fri Apr 24 19:48:52 2026",
  "jobs" : [
    {
      "jobname" : "read-1m",
      "groupid" : 0,
      "error" : 0,
      "eta" : 0,
      "elapsed" : 21,
      "job options" : {
        "name" : "read-1m",
        "rw" : "read",
        "bs" : "1M",
        "size" : "16G",
        "time_based" : "1",
        "runtime" : "20",
        "numjobs" : "4",
        "iodepth" : "32",
        "ioengine" : "libaio",
        "direct" : "1",
        "filename" : "/mnt/sprint20/testfile"
      },
      "read" : {
        "io_bytes" : 14105444352,
        "io_kbytes" : 13774848,
        "bw_bytes" : 698773622,
        "bw" : 682396,
        "iops" : 666.402457,
        "runtime" : 20186,
        "total_ios" : 13452,
        "short_ios" : 0,
        "drop_ios" : 0,
        "slat_ns" : {
          "min" : 18117,
          "max" : 425158,
          "mean" : 21916.930865,
          "stddev" : 16231.596588,
          "N" : 13452
        },
        "clat_ns" : {
          "min" : 61347605,
          "max" : 556461666,
          "mean" : 191952495.388269,
          "stddev" : 14845562.212854,
          "N" : 13452,
          "percentile" : {
            "1.000000" : 179306496,
            "5.000000" : 181403648,
            "10.000000" : 183500800,
            "20.000000" : 185597952,
            "30.000000" : 185597952,
            "40.000000" : 187695104,
            "50.000000" : 187695104,
            "60.000000" : 189792256,
            "70.000000" : 193986560,
            "80.000000" : 198180864,
            "90.000000" : 204472320,
            "95.000000" : 210763776,
            "99.000000" : 240123904,
            "99.500000" : 270532608,
            "99.900000" : 341835776,
            "99.950000" : 354418688,
            "99.990000" : 358612992
          }
        },
        "lat_ns" : {
          "min" : 61696539,
          "max" : 556680975,
          "mean" : 191974514.331401,
          "stddev" : 14843873.923182,
          "N" : 13452
        },
        "bw_min" : 473088,
        "bw_max" : 718848,
        "bw_agg" : 99.358737,
        "bw_mean" : 678020.050000,
        "bw_dev" : 10444.290102,
        "bw_samples" : 160,
        "iops_min" : 462,
        "iops_max" : 702,
        "iops_mean" : 662.100000,
        "iops_stddev" : 10.215262,
        "iops_samples" : 160
      },
      "write" : {
        "io_bytes" : 0,
        "io_kbytes" : 0,
        "bw_bytes" : 0,
        "bw" : 0,
        "iops" : 0.000000,
        "runtime" : 0,
        "total_ios" : 0,
        "short_ios" : 0,
        "drop_ios" : 0,
        "slat_ns" : {
          "min" : 0,
          "max" : 0,
          "mean" : 0.000000,
          "stddev" : 0.000000,
          "N" : 0
        },
        "clat_ns" : {
          "min" : 0,
          "max" : 0,
          "mean" : 0.000000,
          "stddev" : 0.000000,
          "N" : 0
        },
        "lat_ns" : {
          "min" : 0,
          "max" : 0,
          "mean" : 0.000000,
          "stddev" : 0.000000,
          "N" : 0
        },
        "bw_min" : 0,
        "bw_max" : 0,
        "bw_agg" : 0.000000,
        "bw_mean" : 0.000000,
        "bw_dev" : 0.000000,
        "bw_samples" : 0,
        "iops_min" : 0,
        "iops_max" : 0,
        "iops_mean" : 0.000000,
        "iops_stddev" : 0.000000,
        "iops_samples" : 0
      },
      "trim" : {
        "io_bytes" : 0,
        "io_kbytes" : 0,
        "bw_bytes" : 0,
        "bw" : 0,
        "iops" : 0.000000,
        "runtime" : 0,
        "total_ios" : 0,
        "short_ios" : 0,
        "drop_ios" : 0,
        "slat_ns" : {
          "min" : 0,
          "max" : 0,
          "mean" : 0.000000,
          "stddev" : 0.000000,
          "N" : 0
        },
        "clat_ns" : {
          "min" : 0,
          "max" : 0,
          "mean" : 0.000000,
          "stddev" : 0.000000,
          "N" : 0
        },
        "lat_ns" : {
          "min" : 0,
          "max" : 0,
          "mean" : 0.000000,
          "stddev" : 0.000000,
          "N" : 0
        },
        "bw_min" : 0,
        "bw_max" : 0,
        "bw_agg" : 0.000000,
        "bw_mean" : 0.000000,
        "bw_dev" : 0.000000,
        "bw_samples" : 0,
        "iops_min" : 0,
        "iops_max" : 0,
        "iops_mean" : 0.000000,
        "iops_stddev" : 0.000000,
        "iops_samples" : 0
      },
      "sync" : {
        "total_ios" : 0,
        "lat_ns" : {
          "min" : 0,
          "max" : 0,
          "mean" : 0.000000,
          "stddev" : 0.000000,
          "N" : 0
        }
      },
      "job_runtime" : 80732,
      "usr_cpu" : 0.058217,
      "sys_cpu" : 0.479364,
      "ctx" : 13466,
      "majf" : 1,
      "minf" : 2164,
      "iodepth_level" : {
        "1" : 0.100000,
        "2" : 0.100000,
        "4" : 0.118941,
        "8" : 0.237883,
        "16" : 0.475766,
        "32" : 99.078204,
        ">=64" : 0.000000
      },
      "iodepth_submit" : {
        "0" : 0.000000,
        "4" : 100.000000,
        "8" : 0.000000,
        "16" : 0.000000,
        "32" : 0.000000,
        "64" : 0.000000,
        ">=64" : 0.000000
      },
      "iodepth_complete" : {
        "0" : 0.000000,
        "4" : 99.969997,
        "8" : 0.000000,
        "16" : 0.000000,
        "32" : 0.100000,
        "64" : 0.000000,
        ">=64" : 0.000000
      },
      "latency_ns" : {
        "2" : 0.000000,
        "4" : 0.000000,
        "10" : 0.000000,
        "20" : 0.000000,
        "50" : 0.000000,
        "100" : 0.000000,
        "250" : 0.000000,
        "500" : 0.000000,
        "750" : 0.000000,
        "1000" : 0.000000
      },
      "latency_us" : {
        "2" : 0.000000,
        "4" : 0.000000,
        "10" : 0.000000,
        "20" : 0.000000,
        "50" : 0.000000,
        "100" : 0.000000,
        "250" : 0.000000,
        "500" : 0.000000,
        "750" : 0.000000,
        "1000" : 0.000000
      },
      "latency_ms" : {
        "2" : 0.000000,
        "4" : 0.000000,
        "10" : 0.000000,
        "20" : 0.000000,
        "50" : 0.000000,
        "100" : 0.156111,
        "250" : 99.115373,
        "500" : 0.721082,
        "750" : 0.010000,
        "1000" : 0.000000,
        "2000" : 0.000000,
        ">=2000" : 0.000000
      },
      "latency_depth" : 32,
      "latency_target" : 0,
      "latency_percentile" : 100.000000,
      "latency_window" : 0
    }
  ],
  "disk_util" : [
    {
      "name" : "sdb",
      "read_ios" : 13442,
      "write_ios" : 0,
      "read_merges" : 0,
      "write_merges" : 0,
      "read_ticks" : 2569884,
      "write_ticks" : 0,
      "in_queue" : 2569883,
      "util" : 99.624673
    }
  ]
}
