{
  "fio version" : "fio-3.19",
  "timestamp" : 1777061582,
  "timestamp_ms" : 1777061582121,
  "time" : "Fri Apr 24 20:13:02 2026",
  "jobs" : [
    {
      "jobname" : "read-1m",
      "groupid" : 0,
      "error" : 0,
      "eta" : 0,
      "elapsed" : 11,
      "job options" : {
        "name" : "read-1m",
        "rw" : "read",
        "bs" : "1M",
        "size" : "16G",
        "time_based" : "1",
        "runtime" : "10",
        "numjobs" : "4",
        "iodepth" : "32",
        "ioengine" : "libaio",
        "direct" : "1",
        "filename" : "/mnt/sprint20/testfile"
      },
      "read" : {
        "io_bytes" : 6666846208,
        "io_kbytes" : 6510592,
        "bw_bytes" : 654639258,
        "bw" : 639296,
        "iops" : 624.312647,
        "runtime" : 10184,
        "total_ios" : 6358,
        "short_ios" : 0,
        "drop_ios" : 0,
        "slat_ns" : {
          "min" : 18578,
          "max" : 419149,
          "mean" : 26001.556150,
          "stddev" : 20234.069798,
          "N" : 6358
        },
        "clat_ns" : {
          "min" : 43529972,
          "max" : 558010451,
          "mean" : 204813904.491349,
          "stddev" : 20403250.247086,
          "N" : 6358,
          "percentile" : {
            "1.000000" : 141557760,
            "5.000000" : 200278016,
            "10.000000" : 200278016,
            "20.000000" : 202375168,
            "30.000000" : 202375168,
            "40.000000" : 202375168,
            "50.000000" : 202375168,
            "60.000000" : 204472320,
            "70.000000" : 204472320,
            "80.000000" : 206569472,
            "90.000000" : 210763776,
            "95.000000" : 217055232,
            "99.000000" : 283115520,
            "99.500000" : 337641472,
            "99.900000" : 375390208,
            "99.950000" : 549453824,
            "99.990000" : 557842432
          }
        },
        "lat_ns" : {
          "min" : 43884624,
          "max" : 558188618,
          "mean" : 204840050.805127,
          "stddev" : 20398526.257866,
          "N" : 6358
        },
        "bw_min" : 438272,
        "bw_max" : 655360,
        "bw_agg" : 98.467314,
        "bw_mean" : 629497.600000,
        "bw_dev" : 11460.790850,
        "bw_samples" : 80,
        "iops_min" : 428,
        "iops_max" : 640,
        "iops_mean" : 614.650000,
        "iops_stddev" : 11.207903,
        "iops_samples" : 80
      },
      "write" : {
        "io_bytes" : 0,
        "io_kbytes" : 0,
        "bw_bytes" : 0,
        "bw" : 0,
        "iops" : 0.000000,
        "runtime" : 0,
        "total_ios" : 0,
        "short_ios" : 0,
        "drop_ios" : 0,
        "slat_ns" : {
          "min" : 0,
          "max" : 0,
          "mean" : 0.000000,
          "stddev" : 0.000000,
          "N" : 0
        },
        "clat_ns" : {
          "min" : 0,
          "max" : 0,
          "mean" : 0.000000,
          "stddev" : 0.000000,
          "N" : 0
        },
        "lat_ns" : {
          "min" : 0,
          "max" : 0,
          "mean" : 0.000000,
          "stddev" : 0.000000,
          "N" : 0
        },
        "bw_min" : 0,
        "bw_max" : 0,
        "bw_agg" : 0.000000,
        "bw_mean" : 0.000000,
        "bw_dev" : 0.000000,
        "bw_samples" : 0,
        "iops_min" : 0,
        "iops_max" : 0,
        "iops_mean" : 0.000000,
        "iops_stddev" : 0.000000,
        "iops_samples" : 0
      },
      "trim" : {
        "io_bytes" : 0,
        "io_kbytes" : 0,
        "bw_bytes" : 0,
        "bw" : 0,
        "iops" : 0.000000,
        "runtime" : 0,
        "total_ios" : 0,
        "short_ios" : 0,
        "drop_ios" : 0,
        "slat_ns" : {
          "min" : 0,
          "max" : 0,
          "mean" : 0.000000,
          "stddev" : 0.000000,
          "N" : 0
        },
        "clat_ns" : {
          "min" : 0,
          "max" : 0,
          "mean" : 0.000000,
          "stddev" : 0.000000,
          "N" : 0
        },
        "lat_ns" : {
          "min" : 0,
          "max" : 0,
          "mean" : 0.000000,
          "stddev" : 0.000000,
          "N" : 0
        },
        "bw_min" : 0,
        "bw_max" : 0,
        "bw_agg" : 0.000000,
        "bw_mean" : 0.000000,
        "bw_dev" : 0.000000,
        "bw_samples" : 0,
        "iops_min" : 0,
        "iops_max" : 0,
        "iops_mean" : 0.000000,
        "iops_stddev" : 0.000000,
        "iops_samples" : 0
      },
      "sync" : {
        "total_ios" : 0,
        "lat_ns" : {
          "min" : 0,
          "max" : 0,
          "mean" : 0.000000,
          "stddev" : 0.000000,
          "N" : 0
        }
      },
      "job_runtime" : 40728,
      "usr_cpu" : 0.071204,
      "sys_cpu" : 0.510705,
      "ctx" : 6375,
      "majf" : 0,
      "minf" : 2167,
      "iodepth_level" : {
        "1" : 0.100000,
        "2" : 0.125826,
        "4" : 0.251651,
        "8" : 0.503303,
        "16" : 1.006606,
        "32" : 98.049701,
        ">=64" : 0.000000
      },
      "iodepth_submit" : {
        "0" : 0.000000,
        "4" : 100.000000,
        "8" : 0.000000,
        "16" : 0.000000,
        "32" : 0.000000,
        "64" : 0.000000,
        ">=64" : 0.000000
      },
      "iodepth_complete" : {
        "0" : 0.000000,
        "4" : 99.935877,
        "8" : 0.000000,
        "16" : 0.000000,
        "32" : 0.100000,
        "64" : 0.000000,
        ">=64" : 0.000000
      },
      "latency_ns" : {
        "2" : 0.000000,
        "4" : 0.000000,
        "10" : 0.000000,
        "20" : 0.000000,
        "50" : 0.000000,
        "100" : 0.000000,
        "250" : 0.000000,
        "500" : 0.000000,
        "750" : 0.000000,
        "1000" : 0.000000
      },
      "latency_us" : {
        "2" : 0.000000,
        "4" : 0.000000,
        "10" : 0.000000,
        "20" : 0.000000,
        "50" : 0.000000,
        "100" : 0.000000,
        "250" : 0.000000,
        "500" : 0.000000,
        "750" : 0.000000,
        "1000" : 0.000000
      },
      "latency_ms" : {
        "2" : 0.000000,
        "4" : 0.000000,
        "10" : 0.000000,
        "20" : 0.000000,
        "50" : 0.078641,
        "100" : 0.503303,
        "250" : 98.081158,
        "500" : 1.273986,
        "750" : 0.062913,
        "1000" : 0.000000,
        "2000" : 0.000000,
        ">=2000" : 0.000000
      },
      "latency_depth" : 32,
      "latency_target" : 0,
      "latency_percentile" : 100.000000,
      "latency_window" : 0
    }
  ],
  "disk_util" : [
    {
      "name" : "sdb",
      "read_ios" : 6333,
      "write_ios" : 0,
      "read_merges" : 0,
      "write_merges" : 0,
      "read_ticks" : 1287477,
      "write_ticks" : 0,
      "in_queue" : 1287477,
      "util" : 99.131623
    }
  ]
}
