{
  "fio version" : "fio-3.19",
  "timestamp" : 1777060100,
  "timestamp_ms" : 1777060100680,
  "time" : "Fri Apr 24 19:48:20 2026",
  "jobs" : [
    {
      "jobname" : "read-1m",
      "groupid" : 0,
      "error" : 0,
      "eta" : 0,
      "elapsed" : 21,
      "job options" : {
        "name" : "read-1m",
        "rw" : "read",
        "bs" : "1M",
        "size" : "16G",
        "time_based" : "1",
        "runtime" : "20",
        "numjobs" : "4",
        "iodepth" : "32",
        "ioengine" : "libaio",
        "direct" : "1",
        "filename" : "/mnt/sprint20/testfile"
      },
      "read" : {
        "io_bytes" : 41761636352,
        "io_kbytes" : 40782848,
        "bw_bytes" : 2080591687,
        "bw" : 2031827,
        "iops" : 1984.206855,
        "runtime" : 20072,
        "total_ios" : 39827,
        "short_ios" : 0,
        "drop_ios" : 0,
        "slat_ns" : {
          "min" : 23706,
          "max" : 355664,
          "mean" : 35530.638436,
          "stddev" : 11621.589897,
          "N" : 39827
        },
        "clat_ns" : {
          "min" : 28748774,
          "max" : 327537652,
          "mean" : 64451860.234188,
          "stddev" : 27368775.662112,
          "N" : 39827,
          "percentile" : {
            "1.000000" : 35389440,
            "5.000000" : 38535168,
            "10.000000" : 40632320,
            "20.000000" : 45350912,
            "30.000000" : 50069504,
            "40.000000" : 54788096,
            "50.000000" : 60030976,
            "60.000000" : 65273856,
            "70.000000" : 71827456,
            "80.000000" : 79167488,
            "90.000000" : 89653248,
            "95.000000" : 99090432,
            "99.000000" : 129499136,
            "99.500000" : 274726912,
            "99.900000" : 308281344,
            "99.950000" : 320864256,
            "99.990000" : 325058560
          }
        },
        "lat_ns" : {
          "min" : 28780882,
          "max" : 327565554,
          "mean" : 64487520.001130,
          "stddev" : 27369185.743599,
          "N" : 39827
        },
        "bw_min" : 1829300,
        "bw_max" : 3257994,
        "bw_agg" : 99.825197,
        "bw_mean" : 2028275.307692,
        "bw_dev" : 77568.253696,
        "bw_samples" : 156,
        "iops_min" : 1786,
        "iops_max" : 3180,
        "iops_mean" : 1980.435897,
        "iops_stddev" : 75.650916,
        "iops_samples" : 156
      },
      "write" : {
        "io_bytes" : 0,
        "io_kbytes" : 0,
        "bw_bytes" : 0,
        "bw" : 0,
        "iops" : 0.000000,
        "runtime" : 0,
        "total_ios" : 0,
        "short_ios" : 0,
        "drop_ios" : 0,
        "slat_ns" : {
          "min" : 0,
          "max" : 0,
          "mean" : 0.000000,
          "stddev" : 0.000000,
          "N" : 0
        },
        "clat_ns" : {
          "min" : 0,
          "max" : 0,
          "mean" : 0.000000,
          "stddev" : 0.000000,
          "N" : 0
        },
        "lat_ns" : {
          "min" : 0,
          "max" : 0,
          "mean" : 0.000000,
          "stddev" : 0.000000,
          "N" : 0
        },
        "bw_min" : 0,
        "bw_max" : 0,
        "bw_agg" : 0.000000,
        "bw_mean" : 0.000000,
        "bw_dev" : 0.000000,
        "bw_samples" : 0,
        "iops_min" : 0,
        "iops_max" : 0,
        "iops_mean" : 0.000000,
        "iops_stddev" : 0.000000,
        "iops_samples" : 0
      },
      "trim" : {
        "io_bytes" : 0,
        "io_kbytes" : 0,
        "bw_bytes" : 0,
        "bw" : 0,
        "iops" : 0.000000,
        "runtime" : 0,
        "total_ios" : 0,
        "short_ios" : 0,
        "drop_ios" : 0,
        "slat_ns" : {
          "min" : 0,
          "max" : 0,
          "mean" : 0.000000,
          "stddev" : 0.000000,
          "N" : 0
        },
        "clat_ns" : {
          "min" : 0,
          "max" : 0,
          "mean" : 0.000000,
          "stddev" : 0.000000,
          "N" : 0
        },
        "lat_ns" : {
          "min" : 0,
          "max" : 0,
          "mean" : 0.000000,
          "stddev" : 0.000000,
          "N" : 0
        },
        "bw_min" : 0,
        "bw_max" : 0,
        "bw_agg" : 0.000000,
        "bw_mean" : 0.000000,
        "bw_dev" : 0.000000,
        "bw_samples" : 0,
        "iops_min" : 0,
        "iops_max" : 0,
        "iops_mean" : 0.000000,
        "iops_stddev" : 0.000000,
        "iops_samples" : 0
      },
      "sync" : {
        "total_ios" : 0,
        "lat_ns" : {
          "min" : 0,
          "max" : 0,
          "mean" : 0.000000,
          "stddev" : 0.000000,
          "N" : 0
        }
      },
      "job_runtime" : 80278,
      "usr_cpu" : 0.156955,
      "sys_cpu" : 2.162485,
      "ctx" : 38865,
      "majf" : 1,
      "minf" : 2165,
      "iodepth_level" : {
        "1" : 0.100000,
        "2" : 0.100000,
        "4" : 0.100000,
        "8" : 0.100000,
        "16" : 0.160695,
        "32" : 99.688653,
        ">=64" : 0.000000
      },
      "iodepth_submit" : {
        "0" : 0.000000,
        "4" : 100.000000,
        "8" : 0.000000,
        "16" : 0.000000,
        "32" : 0.000000,
        "64" : 0.000000,
        ">=64" : 0.000000
      },
      "iodepth_complete" : {
        "0" : 0.000000,
        "4" : 99.989926,
        "8" : 0.000000,
        "16" : 0.000000,
        "32" : 0.100000,
        "64" : 0.000000,
        ">=64" : 0.000000
      },
      "latency_ns" : {
        "2" : 0.000000,
        "4" : 0.000000,
        "10" : 0.000000,
        "20" : 0.000000,
        "50" : 0.000000,
        "100" : 0.000000,
        "250" : 0.000000,
        "500" : 0.000000,
        "750" : 0.000000,
        "1000" : 0.000000
      },
      "latency_us" : {
        "2" : 0.000000,
        "4" : 0.000000,
        "10" : 0.000000,
        "20" : 0.000000,
        "50" : 0.000000,
        "100" : 0.000000,
        "250" : 0.000000,
        "500" : 0.000000,
        "750" : 0.000000,
        "1000" : 0.000000
      },
      "latency_ms" : {
        "2" : 0.000000,
        "4" : 0.000000,
        "10" : 0.000000,
        "20" : 0.000000,
        "50" : 29.640696,
        "100" : 65.699149,
        "250" : 3.811485,
        "500" : 0.848670,
        "750" : 0.000000,
        "1000" : 0.000000,
        "2000" : 0.000000,
        ">=2000" : 0.000000
      },
      "latency_depth" : 32,
      "latency_target" : 0,
      "latency_percentile" : 100.000000,
      "latency_window" : 0
    }
  ],
  "disk_util" : [
    {
      "name" : "dm-2",
      "read_ios" : 39716,
      "write_ios" : 0,
      "read_merges" : 0,
      "write_merges" : 0,
      "read_ticks" : 2546053,
      "write_ticks" : 0,
      "in_queue" : 2546053,
      "util" : 99.719930,
      "aggr_read_ios" : 7966,
      "aggr_write_ios" : 0,
      "aggr_read_merges" : 0,
      "aggr_write_merge" : 0,
      "aggr_read_ticks" : 512604,
      "aggr_write_ticks" : 0,
      "aggr_in_queue" : 512604,
      "aggr_util" : 95.291257
    },
    {
      "name" : "sdf",
      "read_ios" : 7344,
      "write_ios" : 0,
      "read_merges" : 0,
      "write_merges" : 0,
      "read_ticks" : 513726,
      "write_ticks" : 0,
      "in_queue" : 513726,
      "util" : 93.053488
    },
    {
      "name" : "sdd",
      "read_ios" : 10029,
      "write_ios" : 0,
      "read_merges" : 0,
      "write_merges" : 0,
      "read_ticks" : 505338,
      "write_ticks" : 0,
      "in_queue" : 505338,
      "util" : 91.470676
    },
    {
      "name" : "sdb",
      "read_ios" : 7741,
      "write_ios" : 0,
      "read_merges" : 0,
      "write_merges" : 0,
      "read_ticks" : 514146,
      "write_ticks" : 0,
      "in_queue" : 514146,
      "util" : 93.896993
    },
    {
      "name" : "sde",
      "read_ios" : 7418,
      "write_ios" : 0,
      "read_merges" : 0,
      "write_merges" : 0,
      "read_ticks" : 515365,
      "write_ticks" : 0,
      "in_queue" : 515364,
      "util" : 95.291257
    },
    {
      "name" : "sdc",
      "read_ios" : 7299,
      "write_ios" : 0,