{
  "fio version" : "fio-3.19",
  "timestamp" : 1777059811,
  "timestamp_ms" : 1777059811438,
  "time" : "Fri Apr 24 19:43:31 2026",
  "jobs" : [
    {
      "jobname" : "read-1m",
      "groupid" : 0,
      "error" : 0,
      "eta" : 0,
      "elapsed" : 21,
      "job options" : {
        "name" : "read-1m",
        "rw" : "read",
        "bs" : "1M",
        "size" : "16G",
        "time_based" : "1",
        "runtime" : "20",
        "numjobs" : "4",
        "iodepth" : "32",
        "ioengine" : "libaio",
        "direct" : "1",
        "filename" : "/mnt/sprint20/testfile"
      },
      "read" : {
        "io_bytes" : 41774219264,
        "io_kbytes" : 40795136,
        "bw_bytes" : 2080803908,
        "bw" : 2032035,
        "iops" : 1984.409245,
        "runtime" : 20076,
        "total_ios" : 39839,
        "short_ios" : 0,
        "drop_ios" : 0,
        "slat_ns" : {
          "min" : 24006,
          "max" : 349645,
          "mean" : 33879.597430,
          "stddev" : 11751.607436,
          "N" : 39839
        },
        "clat_ns" : {
          "min" : 29696216,
          "max" : 331339467,
          "mean" : 64441225.065413,
          "stddev" : 26997129.797825,
          "N" : 39839,
          "percentile" : {
            "1.000000" : 35913728,
            "5.000000" : 38535168,
            "10.000000" : 40632320,
            "20.000000" : 46399488,
            "30.000000" : 51118080,
            "40.000000" : 55312384,
            "50.000000" : 59506688,
            "60.000000" : 64225280,
            "70.000000" : 69730304,
            "80.000000" : 78118912,
            "90.000000" : 89653248,
            "95.000000" : 101187584,
            "99.000000" : 141557760,
            "99.500000" : 270532608,
            "99.900000" : 312475648,
            "99.950000" : 320864256,
            "99.990000" : 325058560
          }
        },
        "lat_ns" : {
          "min" : 30007443,
          "max" : 331380869,
          "mean" : 64475215.837395,
          "stddev" : 26996721.115571,
          "N" : 39839
        },
        "bw_min" : 1808587,
        "bw_max" : 3340288,
        "bw_agg" : 99.891759,
        "bw_mean" : 2029835.512821,
        "bw_dev" : 78767.437246,
        "bw_samples" : 156,
        "iops_min" : 1766,
        "iops_max" : 3262,
        "iops_mean" : 1982.179487,
        "iops_stddev" : 76.882511,
        "iops_samples" : 156
      },
      "write" : {
        "io_bytes" : 0,
        "io_kbytes" : 0,
        "bw_bytes" : 0,
        "bw" : 0,
        "iops" : 0.000000,
        "runtime" : 0,
        "total_ios" : 0,
        "short_ios" : 0,
        "drop_ios" : 0,
        "slat_ns" : {
          "min" : 0,
          "max" : 0,
          "mean" : 0.000000,
          "stddev" : 0.000000,
          "N" : 0
        },
        "clat_ns" : {
          "min" : 0,
          "max" : 0,
          "mean" : 0.000000,
          "stddev" : 0.000000,
          "N" : 0
        },
        "lat_ns" : {
          "min" : 0,
          "max" : 0,
          "mean" : 0.000000,
          "stddev" : 0.000000,
          "N" : 0
        },
        "bw_min" : 0,
        "bw_max" : 0,
        "bw_agg" : 0.000000,
        "bw_mean" : 0.000000,
        "bw_dev" : 0.000000,
        "bw_samples" : 0,
        "iops_min" : 0,
        "iops_max" : 0,
        "iops_mean" : 0.000000,
        "iops_stddev" : 0.000000,
        "iops_samples" : 0
      },
      "trim" : {
        "io_bytes" : 0,
        "io_kbytes" : 0,
        "bw_bytes" : 0,
        "bw" : 0,
        "iops" : 0.000000,
        "runtime" : 0,
        "total_ios" : 0,
        "short_ios" : 0,
        "drop_ios" : 0,
        "slat_ns" : {
          "min" : 0,
          "max" : 0,
          "mean" : 0.000000,
          "stddev" : 0.000000,
          "N" : 0
        },
        "clat_ns" : {
          "min" : 0,
          "max" : 0,
          "mean" : 0.000000,
          "stddev" : 0.000000,
          "N" : 0
        },
        "lat_ns" : {
          "min" : 0,
          "max" : 0,
          "mean" : 0.000000,
          "stddev" : 0.000000,
          "N" : 0
        },
        "bw_min" : 0,
        "bw_max" : 0,
        "bw_agg" : 0.000000,
        "bw_mean" : 0.000000,
        "bw_dev" : 0.000000,
        "bw_samples" : 0,
        "iops_min" : 0,
        "iops_max" : 0,
        "iops_mean" : 0.000000,
        "iops_stddev" : 0.000000,
        "iops_samples" : 0
      },
      "sync" : {
        "total_ios" : 0,
        "lat_ns" : {
          "min" : 0,
          "max" : 0,
          "mean" : 0.000000,
          "stddev" : 0.000000,
          "N" : 0
        }
      },
      "job_runtime" : 80286,
      "usr_cpu" : 0.150711,
      "sys_cpu" : 2.060135,
      "ctx" : 38852,
      "majf" : 0,
      "minf" : 2161,
      "iodepth_level" : {
        "1" : 0.100000,
        "2" : 0.100000,
        "4" : 0.100000,
        "8" : 0.100000,
        "16" : 0.160647,
        "32" : 99.688747,
        ">=64" : 0.000000
      },
      "iodepth_submit" : {
        "0" : 0.000000,
        "4" : 100.000000,
        "8" : 0.000000,
        "16" : 0.000000,
        "32" : 0.000000,
        "64" : 0.000000,
        ">=64" : 0.000000
      },
      "iodepth_complete" : {
        "0" : 0.000000,
        "4" : 99.989929,
        "8" : 0.000000,
        "16" : 0.000000,
        "32" : 0.100000,
        "64" : 0.000000,
        ">=64" : 0.000000
      },
      "latency_ns" : {
        "2" : 0.000000,
        "4" : 0.000000,
        "10" : 0.000000,
        "20" : 0.000000,
        "50" : 0.000000,
        "100" : 0.000000,
        "250" : 0.000000,
        "500" : 0.000000,
        "750" : 0.000000,
        "1000" : 0.000000
      },
      "latency_us" : {
        "2" : 0.000000,
        "4" : 0.000000,
        "10" : 0.000000,
        "20" : 0.000000,
        "50" : 0.000000,
        "100" : 0.000000,
        "250" : 0.000000,
        "500" : 0.000000,
        "750" : 0.000000,
        "1000" : 0.000000
      },
      "latency_ms" : {
        "2" : 0.000000,
        "4" : 0.000000,
        "10" : 0.000000,
        "20" : 0.000000,
        "50" : 27.392756,
        "100" : 67.406310,
        "250" : 4.483044,
        "500" : 0.717890,
        "750" : 0.000000,
        "1000" : 0.000000,
        "2000" : 0.000000,
        ">=2000" : 0.000000
      },
      "latency_depth" : 32,
      "latency_target" : 0,
      "latency_percentile" : 100.000000,
      "latency_window" : 0
    }
  ],
  "disk_util" : [
    {
      "name" : "dm-2",
      "read_ios" : 39708,
      "write_ios" : 0,
      "read_merges" : 0,
      "write_merges" : 0,
      "read_ticks" : 2544443,
      "write_ticks" : 0,
      "in_queue" : 2544443,
      "util" : 99.684905,
      "aggr_read_ios" : 7968,
      "aggr_write_ios" : 0,
      "aggr_read_merges" : 0,
      "aggr_write_merge" : 0,
      "aggr_read_ticks" : 512646,
      "aggr_write_ticks" : 0,
      "aggr_in_queue" : 512646,
      "aggr_util" : 95.368212
    },
    {
      "name" : "sdf",
      "read_ios" : 7999,
      "write_ios" : 0,
      "read_merges" : 0,
      "write_merges" : 0,
      "read_ticks" : 512297,
      "write_ticks" : 0,
      "in_queue" : 512297,
      "util" : 93.156459
    },
    {
      "name" : "sdd",
      "read_ios" : 7618,
      "write_ios" : 0,
      "read_merges" : 0,
      "write_merges" : 0,
      "read_ticks" : 513846,
      "write_ticks" : 0,
      "in_queue" : 513846,
      "util" : 94.103645
    },
    {
      "name" : "sdb",
      "read_ios" : 9057,
      "write_ios" : 0,
      "read_merges" : 0,
      "write_merges" : 0,
      "read_ticks" : 509697,
      "write_ticks" : 0,
      "in_queue" : 509697,
      "util" : 92.784528
    },
    {
      "name" : "sde",
      "read_ios" : 8137,
      "write_ios" : 0,
      "read_merges" : 0,
      "write_merges" : 0,
      "read_ticks" : 512654,
      "write_ticks" : 0,
      "in_queue" : 512654,
      "util" : 93.354823
    },
    {
      "name" : "sdc",
      "read_ios" : 7032,
      "write_ios" : 0,