{
  "fio version" : "fio-3.19",
  "timestamp" : 1777059711,
  "timestamp_ms" : 1777059711983,
  "time" : "Fri Apr 24 19:41:51 2026",
  "jobs" : [
    {
      "jobname" : "read-1m",
      "groupid" : 0,
      "error" : 0,
      "eta" : 0,
      "elapsed" : 21,
      "job options" : {
        "name" : "read-1m",
        "rw" : "read",
        "bs" : "1M",
        "size" : "16G",
        "time_based" : "1",
        "runtime" : "20",
        "numjobs" : "4",
        "iodepth" : "32",
        "ioengine" : "libaio",
        "direct" : "1",
        "filename" : "/mnt/sprint20/testfile"
      },
      "read" : {
        "io_bytes" : 41771073536,
        "io_kbytes" : 40792064,
        "bw_bytes" : 2068899135,
        "bw" : 2020409,
        "iops" : 1973.055968,
        "runtime" : 20190,
        "total_ios" : 39836,
        "short_ios" : 0,
        "drop_ios" : 0,
        "slat_ns" : {
          "min" : 23695,
          "max" : 491107,
          "mean" : 35196.373983,
          "stddev" : 12661.737322,
          "N" : 39836
        },
        "clat_ns" : {
          "min" : 30031789,
          "max" : 688999895,
          "mean" : 64803220.231650,
          "stddev" : 34503606.403633,
          "N" : 39836,
          "percentile" : {
            "1.000000" : 38010880,
            "5.000000" : 39583744,
            "10.000000" : 42205184,
            "20.000000" : 47972352,
            "30.000000" : 52690944,
            "40.000000" : 56885248,
            "50.000000" : 60030976,
            "60.000000" : 64225280,
            "70.000000" : 68681728,
            "80.000000" : 74973184,
            "90.000000" : 84410368,
            "95.000000" : 93847552,
            "99.000000" : 208666624,
            "99.500000" : 295698432,
            "99.900000" : 683671552,
            "99.950000" : 683671552,
            "99.990000" : 692060160
          }
        },
        "lat_ns" : {
          "min" : 30249015,
          "max" : 689038062,
          "mean" : 64838543.647379,
          "stddev" : 34503758.352420,
          "N" : 39836
        },
        "bw_min" : 1241088,
        "bw_max" : 3203072,
        "bw_agg" : 99.555829,
        "bw_mean" : 2011434.925000,
        "bw_dev" : 83049.716349,
        "bw_samples" : 160,
        "iops_min" : 1212,
        "iops_max" : 3128,
        "iops_mean" : 1964.175000,
        "iops_stddev" : 81.017588,
        "iops_samples" : 160
      },
      "write" : {
        "io_bytes" : 0,
        "io_kbytes" : 0,
        "bw_bytes" : 0,
        "bw" : 0,
        "iops" : 0.000000,
        "runtime" : 0,
        "total_ios" : 0,
        "short_ios" : 0,
        "drop_ios" : 0,
        "slat_ns" : {
          "min" : 0,
          "max" : 0,
          "mean" : 0.000000,
          "stddev" : 0.000000,
          "N" : 0
        },
        "clat_ns" : {
          "min" : 0,
          "max" : 0,
          "mean" : 0.000000,
          "stddev" : 0.000000,
          "N" : 0
        },
        "lat_ns" : {
          "min" : 0,
          "max" : 0,
          "mean" : 0.000000,
          "stddev" : 0.000000,
          "N" : 0
        },
        "bw_min" : 0,
        "bw_max" : 0,
        "bw_agg" : 0.000000,
        "bw_mean" : 0.000000,
        "bw_dev" : 0.000000,
        "bw_samples" : 0,
        "iops_min" : 0,
        "iops_max" : 0,
        "iops_mean" : 0.000000,
        "iops_stddev" : 0.000000,
        "iops_samples" : 0
      },
      "trim" : {
        "io_bytes" : 0,
        "io_kbytes" : 0,
        "bw_bytes" : 0,
        "bw" : 0,
        "iops" : 0.000000,
        "runtime" : 0,
        "total_ios" : 0,
        "short_ios" : 0,
        "drop_ios" : 0,
        "slat_ns" : {
          "min" : 0,
          "max" : 0,
          "mean" : 0.000000,
          "stddev" : 0.000000,
          "N" : 0
        },
        "clat_ns" : {
          "min" : 0,
          "max" : 0,
          "mean" : 0.000000,
          "stddev" : 0.000000,
          "N" : 0
        },
        "lat_ns" : {
          "min" : 0,
          "max" : 0,
          "mean" : 0.000000,
          "stddev" : 0.000000,
          "N" : 0
        },
        "bw_min" : 0,
        "bw_max" : 0,
        "bw_agg" : 0.000000,
        "bw_mean" : 0.000000,
        "bw_dev" : 0.000000,
        "bw_samples" : 0,
        "iops_min" : 0,
        "iops_max" : 0,
        "iops_mean" : 0.000000,
        "iops_stddev" : 0.000000,
        "iops_samples" : 0
      },
      "sync" : {
        "total_ios" : 0,
        "lat_ns" : {
          "min" : 0,
          "max" : 0,
          "mean" : 0.000000,
          "stddev" : 0.000000,
          "N" : 0
        }
      },
      "job_runtime" : 80747,
      "usr_cpu" : 0.189481,
      "sys_cpu" : 2.105341,
      "ctx" : 38898,
      "majf" : 0,
      "minf" : 2169,
      "iodepth_level" : {
        "1" : 0.100000,
        "2" : 0.100000,
        "4" : 0.100000,
        "8" : 0.100000,
        "16" : 0.160659,
        "32" : 99.688724,
        ">=64" : 0.000000
      },
      "iodepth_submit" : {
        "0" : 0.000000,
        "4" : 100.000000,
        "8" : 0.000000,
        "16" : 0.000000,
        "32" : 0.000000,
        "64" : 0.000000,
        ">=64" : 0.000000
      },
      "iodepth_complete" : {
        "0" : 0.000000,
        "4" : 99.989928,
        "8" : 0.000000,
        "16" : 0.000000,
        "32" : 0.100000,
        "64" : 0.000000,
        ">=64" : 0.000000
      },
      "latency_ns" : {
        "2" : 0.000000,
        "4" : 0.000000,
        "10" : 0.000000,
        "20" : 0.000000,
        "50" : 0.000000,
        "100" : 0.000000,
        "250" : 0.000000,
        "500" : 0.000000,
        "750" : 0.000000,
        "1000" : 0.000000
      },
      "latency_us" : {
        "2" : 0.000000,
        "4" : 0.000000,
        "10" : 0.000000,
        "20" : 0.000000,
        "50" : 0.000000,
        "100" : 0.000000,
        "250" : 0.000000,
        "500" : 0.000000,
        "750" : 0.000000,
        "1000" : 0.000000
      },
      "latency_ms" : {
        "2" : 0.000000,
        "4" : 0.000000,
        "10" : 0.000000,
        "20" : 0.000000,
        "50" : 23.875389,
        "100" : 72.565017,
        "250" : 2.726177,
        "500" : 0.702882,
        "750" : 0.130535,
        "1000" : 0.000000,
        "2000" : 0.000000,
        ">=2000" : 0.000000
      },
      "latency_depth" : 32,
      "latency_target" : 0,
      "latency_percentile" : 100.000000,
      "latency_window" : 0
    }
  ],
  "disk_util" : [
    {
      "name" : "dm-2",
      "read_ios" : 39840,
      "write_ios" : 0,
      "read_merges" : 0,
      "write_merges" : 0,
      "read_ticks" : 2563548,
      "write_ticks" : 0,
      "in_queue" : 2563548,
      "util" : 99.678949,
      "aggr_read_ios" : 7968,
      "aggr_write_ios" : 0,
      "aggr_read_merges" : 0,
      "aggr_write_merge" : 0,
      "aggr_read_ticks" : 513213,
      "aggr_write_ticks" : 0,
      "aggr_in_queue" : 513212,
      "aggr_util" : 92.852566
    },
    {
      "name" : "sdd",
      "read_ios" : 7821,
      "write_ios" : 0,
      "read_merges" : 0,
      "write_merges" : 0,
      "read_ticks" : 513029,
      "write_ticks" : 0,
      "in_queue" : 513029,
      "util" : 92.083600
    },
    {
      "name" : "sdb",
      "read_ios" : 7873,
      "write_ios" : 0,
      "read_merges" : 0,
      "write_merges" : 0,
      "read_ticks" : 512884,
      "write_ticks" : 0,
      "in_queue" : 512884,
      "util" : 92.852566
    },
    {
      "name" : "sdg",
      "read_ios" : 7876,
      "write_ios" : 0,
      "read_merges" : 0,
      "write_merges" : 0,
      "read_ticks" : 516063,
      "write_ticks" : 0,
      "in_queue" : 516063,
      "util" : 92.256125
    },
    {
      "name" : "sde",
      "read_ios" : 8221,
      "write_ios" : 0,
      "read_merges" : 0,
      "write_merges" : 0,
      "read_ticks" : 511510,
      "write_ticks" : 0,
      "in_queue" : 511509,
      "util" : 90.535811
    },
    {
      "name" : "sdc",
      "read_ios" : 8049,
      "write_ios" : 0,