{
  "fio version" : "fio-3.19",
  "timestamp" : 1777060018,
  "timestamp_ms" : 1777060018715,
  "time" : "Fri Apr 24 19:46:58 2026",
  "jobs" : [
    {
      "jobname" : "read-1m",
      "groupid" : 0,
      "error" : 0,
      "eta" : 0,
      "elapsed" : 21,
      "job options" : {
        "name" : "read-1m",
        "rw" : "read",
        "bs" : "1M",
        "size" : "16G",
        "time_based" : "1",
        "runtime" : "20",
        "numjobs" : "4",
        "iodepth" : "32",
        "ioengine" : "libaio",
        "direct" : "1",
        "filename" : "/mnt/sprint20/testfile"
      },
      "read" : {
        "io_bytes" : 41771073536,
        "io_kbytes" : 40792064,
        "bw_bytes" : 2081165539,
        "bw" : 2032388,
        "iops" : 1984.754123,
        "runtime" : 20071,
        "total_ios" : 39836,
        "short_ios" : 0,
        "drop_ios" : 0,
        "slat_ns" : {
          "min" : 23626,
          "max" : 355844,
          "mean" : 34595.312682,
          "stddev" : 12928.791519,
          "N" : 39836
        },
        "clat_ns" : {
          "min" : 30541053,
          "max" : 328383882,
          "mean" : 64429907.804649,
          "stddev" : 25733395.297915,
          "N" : 39836,
          "percentile" : {
            "1.000000" : 35389440,
            "5.000000" : 39059456,
            "10.000000" : 40632320,
            "20.000000" : 49020928,
            "30.000000" : 53739520,
            "40.000000" : 57409536,
            "50.000000" : 61079552,
            "60.000000" : 64749568,
            "70.000000" : 69730304,
            "80.000000" : 74973184,
            "90.000000" : 85458944,
            "95.000000" : 95944704,
            "99.000000" : 123207680,
            "99.500000" : 278921216,
            "99.900000" : 304087040,
            "99.950000" : 316669952,
            "99.990000" : 320864256
          }
        },
        "lat_ns" : {
          "min" : 30889726,
          "max" : 328416601,
          "mean" : 64464626.245481,
          "stddev" : 25733538.651128,
          "N" : 39836
        },
        "bw_min" : 1810903,
        "bw_max" : 3266169,
        "bw_agg" : 99.730812,
        "bw_mean" : 2026917.051282,
        "bw_dev" : 77926.332404,
        "bw_samples" : 156,
        "iops_min" : 1768,
        "iops_max" : 3188,
        "iops_mean" : 1979.051282,
        "iops_stddev" : 75.997669,
        "iops_samples" : 156
      },
      "write" : {
        "io_bytes" : 0,
        "io_kbytes" : 0,
        "bw_bytes" : 0,
        "bw" : 0,
        "iops" : 0.000000,
        "runtime" : 0,
        "total_ios" : 0,
        "short_ios" : 0,
        "drop_ios" : 0,
        "slat_ns" : {
          "min" : 0,
          "max" : 0,
          "mean" : 0.000000,
          "stddev" : 0.000000,
          "N" : 0
        },
        "clat_ns" : {
          "min" : 0,
          "max" : 0,
          "mean" : 0.000000,
          "stddev" : 0.000000,
          "N" : 0
        },
        "lat_ns" : {
          "min" : 0,
          "max" : 0,
          "mean" : 0.000000,
          "stddev" : 0.000000,
          "N" : 0
        },
        "bw_min" : 0,
        "bw_max" : 0,
        "bw_agg" : 0.000000,
        "bw_mean" : 0.000000,
        "bw_dev" : 0.000000,
        "bw_samples" : 0,
        "iops_min" : 0,
        "iops_max" : 0,
        "iops_mean" : 0.000000,
        "iops_stddev" : 0.000000,
        "iops_samples" : 0
      },
      "trim" : {
        "io_bytes" : 0,
        "io_kbytes" : 0,
        "bw_bytes" : 0,
        "bw" : 0,
        "iops" : 0.000000,
        "runtime" : 0,
        "total_ios" : 0,
        "short_ios" : 0,
        "drop_ios" : 0,
        "slat_ns" : {
          "min" : 0,
          "max" : 0,
          "mean" : 0.000000,
          "stddev" : 0.000000,
          "N" : 0
        },
        "clat_ns" : {
          "min" : 0,
          "max" : 0,
          "mean" : 0.000000,
          "stddev" : 0.000000,
          "N" : 0
        },
        "lat_ns" : {
          "min" : 0,
          "max" : 0,
          "mean" : 0.000000,
          "stddev" : 0.000000,
          "N" : 0
        },
        "bw_min" : 0,
        "bw_max" : 0,
        "bw_agg" : 0.000000,
        "bw_mean" : 0.000000,
        "bw_dev" : 0.000000,
        "bw_samples" : 0,
        "iops_min" : 0,
        "iops_max" : 0,
        "iops_mean" : 0.000000,
        "iops_stddev" : 0.000000,
        "iops_samples" : 0
      },
      "sync" : {
        "total_ios" : 0,
        "lat_ns" : {
          "min" : 0,
          "max" : 0,
          "mean" : 0.000000,
          "stddev" : 0.000000,
          "N" : 0
        }
      },
      "job_runtime" : 80267,
      "usr_cpu" : 0.159468,
      "sys_cpu" : 2.104227,
      "ctx" : 38842,
      "majf" : 0,
      "minf" : 2164,
      "iodepth_level" : {
        "1" : 0.100000,
        "2" : 0.100000,
        "4" : 0.100000,
        "8" : 0.100000,
        "16" : 0.160659,
        "32" : 99.688724,
        ">=64" : 0.000000
      },
      "iodepth_submit" : {
        "0" : 0.000000,
        "4" : 100.000000,
        "8" : 0.000000,
        "16" : 0.000000,
        "32" : 0.000000,
        "64" : 0.000000,
        ">=64" : 0.000000
      },
      "iodepth_complete" : {
        "0" : 0.000000,
        "4" : 99.989928,
        "8" : 0.000000,
        "16" : 0.000000,
        "32" : 0.100000,
        "64" : 0.000000,
        ">=64" : 0.000000
      },
      "latency_ns" : {
        "2" : 0.000000,
        "4" : 0.000000,
        "10" : 0.000000,
        "20" : 0.000000,
        "50" : 0.000000,
        "100" : 0.000000,
        "250" : 0.000000,
        "500" : 0.000000,
        "750" : 0.000000,
        "1000" : 0.000000
      },
      "latency_us" : {
        "2" : 0.000000,
        "4" : 0.000000,
        "10" : 0.000000,
        "20" : 0.000000,
        "50" : 0.000000,
        "100" : 0.000000,
        "250" : 0.000000,
        "500" : 0.000000,
        "750" : 0.000000,
        "1000" : 0.000000
      },
      "latency_ms" : {
        "2" : 0.000000,
        "4" : 0.000000,
        "10" : 0.000000,
        "20" : 0.000000,
        "50" : 21.744151,
        "100" : 74.691234,
        "250" : 2.781404,
        "500" : 0.783211,
        "750" : 0.000000,
        "1000" : 0.000000,
        "2000" : 0.000000,
        ">=2000" : 0.000000
      },
      "latency_depth" : 32,
      "latency_target" : 0,
      "latency_percentile" : 100.000000,
      "latency_window" : 0
    }
  ],
  "disk_util" : [
    {
      "name" : "dm-2",
      "read_ios" : 39722,
      "write_ios" : 0,
      "read_merges" : 0,
      "write_merges" : 0,
      "read_ticks" : 2545858,
      "write_ticks" : 0,
      "in_queue" : 2545858,
      "util" : 99.704911,
      "aggr_read_ios" : 7968,
      "aggr_write_ios" : 0,
      "aggr_read_merges" : 0,
      "aggr_write_merge" : 0,
      "aggr_read_ticks" : 512581,
      "aggr_write_ticks" : 0,
      "aggr_in_queue" : 512581,
      "aggr_util" : 93.754960
    },
    {
      "name" : "sdf",
      "read_ios" : 7599,
      "write_ios" : 0,
      "read_merges" : 0,
      "write_merges" : 0,
      "read_ticks" : 513566,
      "write_ticks" : 0,
      "in_queue" : 513566,
      "util" : 93.134921
    },
    {
      "name" : "sdd",
      "read_ios" : 7649,
      "write_ios" : 0,
      "read_merges" : 0,
      "write_merges" : 0,
      "read_ticks" : 513688,
      "write_ticks" : 0,
      "in_queue" : 513688,
      "util" : 93.754960
    },
    {
      "name" : "sdb",
      "read_ios" : 7993,
      "write_ios" : 0,
      "read_merges" : 0,
      "write_merges" : 0,
      "read_ticks" : 512731,
      "write_ticks" : 0,
      "in_queue" : 512731,
      "util" : 92.574405
    },
    {
      "name" : "sde",
      "read_ios" : 8364,
      "write_ios" : 0,
      "read_merges" : 0,
      "write_merges" : 0,
      "read_ticks" : 510567,
      "write_ticks" : 0,
      "in_queue" : 510567,
      "util" : 91.235119
    },
    {
      "name" : "sdc",
      "read_ios" : 8235,
      "write_ios" : 0,