{
  "fio version" : "fio-3.19",
  "timestamp" : 1777061899,
  "timestamp_ms" : 1777061899881,
  "time" : "Fri Apr 24 20:18:19 2026",
  "jobs" : [
    {
      "jobname" : "randrw-4k",
      "groupid" : 0,
      "error" : 0,
      "eta" : 0,
      "elapsed" : 121,
      "job options" : {
        "name" : "randrw-4k",
        "rw" : "randrw",
        "rwmixread" : "70",
        "bs" : "4k",
        "size" : "16G",
        "time_based" : "1",
        "runtime" : "120",
        "numjobs" : "4",
        "iodepth" : "32",
        "ioengine" : "libaio",
        "direct" : "1",
        "filename" : "/mnt/sprint20/testfile"
      },
      "read" : {
        "io_bytes" : 16036368384,
        "io_kbytes" : 15660516,
        "bw_bytes" : 133633062,
        "bw" : 130501,
        "iops" : 32625.259369,
        "runtime" : 120003,
        "total_ios" : 3915129,
        "short_ios" : 0,
        "drop_ios" : 0,
        "slat_ns" : {
          "min" : 2894,
          "max" : 178998,
          "mean" : 5824.830526,
          "stddev" : 3849.529593,
          "N" : 3915129
        },
        "clat_ns" : {
          "min" : 286139,
          "max" : 49668252,
          "mean" : 2905627.856447,
          "stddev" : 1675560.373969,
          "N" : 3915129,
          "percentile" : {
            "1.000000" : 651264,
            "5.000000" : 888832,
            "10.000000" : 1138688,
            "20.000000" : 1531904,
            "30.000000" : 1941504,
            "40.000000" : 2342912,
            "50.000000" : 2736128,
            "60.000000" : 3129344,
            "70.000000" : 3555328,
            "80.000000" : 4014080,
            "90.000000" : 4620288,
            "95.000000" : 5210112,
            "99.000000" : 8454144,
            "99.500000" : 11337728,
            "99.900000" : 17170432,
            "99.950000" : 19529728,
            "99.990000" : 25034752
          }
        },
        "lat_ns" : {
          "min" : 308523,
          "max" : 49672338,
          "mean" : 2911524.102398,
          "stddev" : 1675499.380767,
          "N" : 3915129
        },
        "bw_min" : 110616,
        "bw_max" : 144424,
        "bw_agg" : 100.000000,
        "bw_mean" : 130680.451883,
        "bw_dev" : 1405.744826,
        "bw_samples" : 956,
        "iops_min" : 27654,
        "iops_max" : 36106,
        "iops_mean" : 32670.100418,
        "iops_stddev" : 351.437120,
        "iops_samples" : 956
      },
      "write" : {
        "io_bytes" : 6880616448,
        "io_kbytes" : 6719352,
        "bw_bytes" : 57337036,
        "bw" : 55993,
        "iops" : 13998.300042,
        "runtime" : 120003,
        "total_ios" : 1679838,
        "short_ios" : 0,
        "drop_ios" : 0,
        "slat_ns" : {
          "min" : 3024,
          "max" : 222153,
          "mean" : 6009.991949,
          "stddev" : 3862.588837,
          "N" : 1679838
        },
        "clat_ns" : {
          "min" : 323585,
          "max" : 42960047,
          "mean" : 2350358.732467,
          "stddev" : 1449754.056531,
          "N" : 1679838,
          "percentile" : {
            "1.000000" : 659456,
            "5.000000" : 823296,
            "10.000000" : 978944,
            "20.000000" : 1253376,
            "30.000000" : 1515520,
            "40.000000" : 1777664,
            "50.000000" : 2039808,
            "60.000000" : 2342912,
            "70.000000" : 2703360,
            "80.000000" : 3194880,
            "90.000000" : 3948544,
            "95.000000" : 4751360,
            "99.000000" : 7634944,
            "99.500000" : 9371648,
            "99.900000" : 13565952,
            "99.950000" : 15400960,
            "99.990000" : 21102592
          }
        },
        "lat_ns" : {
          "min" : 336565,
          "max" : 42969281,
          "mean" : 2356440.420297,
          "stddev" : 1449702.098561,
          "N" : 1679838
        },
        "bw_min" : 47176,
        "bw_max" : 62912,
        "bw_agg" : 100.000000,
        "bw_mean" : 56068.405858,
        "bw_dev" : 658.798144,
        "bw_samples" : 956,
        "iops_min" : 11794,
        "iops_max" : 15728,
        "iops_mean" : 14017.075314,
        "iops_stddev" : 164.697027,
        "iops_samples" : 956
      },
      "trim" : {
        "io_bytes" : 0,
        "io_kbytes" : 0,
        "bw_bytes" : 0,
        "bw" : 0,
        "iops" : 0.000000,
        "runtime" : 0,
        "total_ios" : 0,
        "short_ios" : 0,
        "drop_ios" : 0,
        "slat_ns" : {
          "min" : 0,
          "max" : 0,
          "mean" : 0.000000,
          "stddev" : 0.000000,
          "N" : 0
        },
        "clat_ns" : {
          "min" : 0,
          "max" : 0,
          "mean" : 0.000000,
          "stddev" : 0.000000,
          "N" : 0
        },
        "lat_ns" : {
          "min" : 0,
          "max" : 0,
          "mean" : 0.000000,
          "stddev" : 0.000000,
          "N" : 0
        },
        "bw_min" : 0,
        "bw_max" : 0,
        "bw_agg" : 0.000000,
        "bw_mean" : 0.000000,
        "bw_dev" : 0.000000,
        "bw_samples" : 0,
        "iops_min" : 0,
        "iops_max" : 0,
        "iops_mean" : 0.000000,
        "iops_stddev" : 0.000000,
        "iops_samples" : 0
      },
      "sync" : {
        "total_ios" : 0,
        "lat_ns" : {
          "min" : 0,
          "max" : 0,
          "mean" : 0.000000,
          "stddev" : 0.000000,
          "N" : 0
        }
      },
      "job_runtime" : 480008,
      "usr_cpu" : 1.441643,
      "sys_cpu" : 10.543783,
      "ctx" : 3328382,
      "majf" : 0,
      "minf" : 75,
      "iodepth_level" : {
        "1" : 0.100000,
        "2" : 0.100000,
        "4" : 0.100000,
        "8" : 0.100000,
        "16" : 0.100000,
        "32" : 99.997784,
        ">=64" : 0.000000
      },
      "iodepth_submit" : {
        "0" : 0.000000,
        "4" : 100.000000,
        "8" : 0.000000,
        "16" : 0.000000,
        "32" : 0.000000,
        "64" : 0.000000,
        ">=64" : 0.000000
      },
      "iodepth_complete" : {
        "0" : 0.000000,
        "4" : 99.999929,
        "8" : 0.000000,
        "16" : 0.000000,
        "32" : 0.100000,
        "64" : 0.000000,
        ">=64" : 0.000000
      },
      "latency_ns" : {
        "2" : 0.000000,
        "4" : 0.000000,
        "10" : 0.000000,
        "20" : 0.000000,
        "50" : 0.000000,
        "100" : 0.000000,
        "250" : 0.000000,
        "500" : 0.000000,
        "750" : 0.000000,
        "1000" : 0.000000
      },
      "latency_us" : {
        "2" : 0.000000,
        "4" : 0.000000,
        "10" : 0.000000,
        "20" : 0.000000,
        "50" : 0.000000,
        "100" : 0.000000,
        "250" : 0.000000,
        "500" : 0.069223,
        "750" : 2.484501,
        "1000" : 5.639515
      },
      "latency_ms" : {
        "2" : 28.479292,
        "4" : 46.227279,
        "10" : 16.500473,
        "20" : 0.564507,
        "50" : 0.035210,
        "100" : 0.000000,
        "250" : 0.000000,
        "500" : 0.000000,
        "750" : 0.000000,
        "1000" : 0.000000,
        "2000" : 0.000000,
        ">=2000" : 0.000000
      },
      "latency_depth" : 32,
      "latency_target" : 0,
      "latency_percentile" : 100.000000,
      "latency_window" : 0
    }
  ],
  "disk_util" : [
    {
      "name" : "sdb",
      "read_ios" : 3908614,
      "write_ios" : 1677106,
      "read_merges" : 149,
      "write_merges" : 12,
      "read_ticks" : 11333184,
      "write_ticks" : 3907633,
      "in_queue" : 15240818,
      "util" : 100.000000
    }
  ]
}
