{
  "fio version" : "fio-3.19",
  "timestamp" : 1777061768,
  "timestamp_ms" : 1777061768704,
  "time" : "Fri Apr 24 20:16:08 2026",
  "jobs" : [
    {
      "jobname" : "randrw-4k",
      "groupid" : 0,
      "error" : 0,
      "eta" : 0,
      "elapsed" : 121,
      "job options" : {
        "name" : "randrw-4k",
        "rw" : "randrw",
        "rwmixread" : "70",
        "bs" : "4k",
        "size" : "16G",
        "time_based" : "1",
        "runtime" : "120",
        "numjobs" : "4",
        "iodepth" : "32",
        "ioengine" : "libaio",
        "direct" : "1",
        "filename" : "/mnt/sprint20/testfile"
      },
      "read" : {
        "io_bytes" : 62569492480,
        "io_kbytes" : 61103020,
        "bw_bytes" : 521408092,
        "bw" : 509187,
        "iops" : 127296.897526,
        "runtime" : 120001,
        "total_ios" : 15275755,
        "short_ios" : 0,
        "drop_ios" : 0,
        "slat_ns" : {
          "min" : 4056,
          "max" : 812809,
          "mean" : 10819.091718,
          "stddev" : 9690.127091,
          "N" : 15275755
        },
        "clat_ns" : {
          "min" : 164267,
          "max" : 20937114,
          "mean" : 675867.916233,
          "stddev" : 212571.244793,
          "N" : 15275755,
          "percentile" : {
            "1.000000" : 370688,
            "5.000000" : 419840,
            "10.000000" : 452608,
            "20.000000" : 501760,
            "30.000000" : 544768,
            "40.000000" : 585728,
            "50.000000" : 634880,
            "60.000000" : 684032,
            "70.000000" : 749568,
            "80.000000" : 839680,
            "90.000000" : 954368,
            "95.000000" : 1056768,
            "99.000000" : 1269760,
            "99.500000" : 1368064,
            "99.900000" : 1597440,
            "99.950000" : 1712128,
            "99.990000" : 2736128
          }
        },
        "lat_ns" : {
          "min" : 236505,
          "max" : 20943603,
          "mean" : 686802.211835,
          "stddev" : 212763.309816,
          "N" : 15275755
        },
        "bw_min" : 449882,
        "bw_max" : 545284,
        "bw_agg" : 100.000000,
        "bw_mean" : 509711.991632,
        "bw_dev" : 3183.342302,
        "bw_samples" : 956,
        "iops_min" : 112469,
        "iops_max" : 136319,
        "iops_mean" : 127427.313808,
        "iops_stddev" : 795.820913,
        "iops_samples" : 956
      },
      "write" : {
        "io_bytes" : 26806231040,
        "io_kbytes" : 26177960,
        "bw_bytes" : 223383397,
        "bw" : 218147,
        "iops" : 54536.962192,
        "runtime" : 120001,
        "total_ios" : 6544490,
        "short_ios" : 0,
        "drop_ios" : 0,
        "slat_ns" : {
          "min" : 4217,
          "max" : 707782,
          "mean" : 11145.829591,
          "stddev" : 9828.498554,
          "N" : 6544490
        },
        "clat_ns" : {
          "min" : 196735,
          "max" : 18930163,
          "mean" : 730367.961491,
          "stddev" : 216753.455048,
          "N" : 6544490,
          "percentile" : {
            "1.000000" : 407552,
            "5.000000" : 460800,
            "10.000000" : 497664,
            "20.000000" : 552960,
            "30.000000" : 593920,
            "40.000000" : 643072,
            "50.000000" : 692224,
            "60.000000" : 749568,
            "70.000000" : 815104,
            "80.000000" : 897024,
            "90.000000" : 1019904,
            "95.000000" : 1122304,
            "99.000000" : 1335296,
            "99.500000" : 1433600,
            "99.900000" : 1646592,
            "99.950000" : 1744896,
            "99.990000" : 2473984
          }
        },
        "lat_ns" : {
          "min" : 281582,
          "max" : 18944765,
          "mean" : 741628.878662,
          "stddev" : 217016.051129,
          "N" : 6544490
        },
        "bw_min" : 190944,
        "bw_max" : 233989,
        "bw_agg" : 100.000000,
        "bw_mean" : 218371.560669,
        "bw_dev" : 1424.427139,
        "bw_samples" : 956,
        "iops_min" : 47734,
        "iops_max" : 58496,
        "iops_mean" : 54592.192469,
        "iops_stddev" : 356.079537,
        "iops_samples" : 956
      },
      "trim" : {
        "io_bytes" : 0,
        "io_kbytes" : 0,
        "bw_bytes" : 0,
        "bw" : 0,
        "iops" : 0.000000,
        "runtime" : 0,
        "total_ios" : 0,
        "short_ios" : 0,
        "drop_ios" : 0,
        "slat_ns" : {
          "min" : 0,
          "max" : 0,
          "mean" : 0.000000,
          "stddev" : 0.000000,
          "N" : 0
        },
        "clat_ns" : {
          "min" : 0,
          "max" : 0,
          "mean" : 0.000000,
          "stddev" : 0.000000,
          "N" : 0
        },
        "lat_ns" : {
          "min" : 0,
          "max" : 0,
          "mean" : 0.000000,
          "stddev" : 0.000000,
          "N" : 0
        },
        "bw_min" : 0,
        "bw_max" : 0,
        "bw_agg" : 0.000000,
        "bw_mean" : 0.000000,
        "bw_dev" : 0.000000,
        "bw_samples" : 0,
        "iops_min" : 0,
        "iops_max" : 0,
        "iops_mean" : 0.000000,
        "iops_stddev" : 0.000000,
        "iops_samples" : 0
      },
      "sync" : {
        "total_ios" : 0,
        "lat_ns" : {
          "min" : 0,
          "max" : 0,
          "mean" : 0.000000,
          "stddev" : 0.000000,
          "N" : 0
        }
      },
      "job_runtime" : 480000,
      "usr_cpu" : 5.977708,
      "sys_cpu" : 55.575000,
      "ctx" : 6431590,
      "majf" : 0,
      "minf" : 72,
      "iodepth_level" : {
        "1" : 0.100000,
        "2" : 0.100000,
        "4" : 0.100000,
        "8" : 0.100000,
        "16" : 0.100000,
        "32" : 99.999432,
        ">=64" : 0.000000
      },
      "iodepth_submit" : {
        "0" : 0.000000,
        "4" : 100.000000,
        "8" : 0.000000,
        "16" : 0.000000,
        "32" : 0.000000,
        "64" : 0.000000,
        ">=64" : 0.000000
      },
      "iodepth_complete" : {
        "0" : 0.000000,
        "4" : 99.999982,
        "8" : 0.000000,
        "16" : 0.000000,
        "32" : 0.100000,
        "64" : 0.000000,
        ">=64" : 0.000000
      },
      "latency_ns" : {
        "2" : 0.000000,
        "4" : 0.000000,
        "10" : 0.000000,
        "20" : 0.000000,
        "50" : 0.000000,
        "100" : 0.000000,
        "250" : 0.000000,
        "500" : 0.000000,
        "750" : 0.000000,
        "1000" : 0.000000
      },
      "latency_us" : {
        "2" : 0.000000,
        "4" : 0.000000,
        "10" : 0.000000,
        "20" : 0.000000,
        "50" : 0.000000,
        "100" : 0.000000,
        "250" : 0.010000,
        "500" : 16.861598,
        "750" : 49.983701,
        "1000" : 24.458364
      },
      "latency_ms" : {
        "2" : 8.677584,
        "4" : 0.012278,
        "10" : 0.010000,
        "20" : 0.010000,
        "50" : 0.010000,
        "100" : 0.000000,
        "250" : 0.000000,
        "500" : 0.000000,
        "750" : 0.000000,
        "1000" : 0.000000,
        "2000" : 0.000000,
        ">=2000" : 0.000000
      },
      "latency_depth" : 32,
      "latency_target" : 0,
      "latency_percentile" : 100.000000,
      "latency_window" : 0
    }
  ],
  "disk_util" : [
    {
      "name" : "dm-2",
      "read_ios" : 15259804,
      "write_ios" : 6537730,
      "read_merges" : 0,
      "write_merges" : 0,
      "read_ticks" : 9831160,
      "write_ticks" : 4470820,
      "in_queue" : 14301980,
      "util" : 100.000000,
      "aggr_read_ios" : 3055151,
      "aggr_write_ios" : 1308899,
      "aggr_read_merges" : 0,
      "aggr_write_merge" : 0,
      "aggr_read_ticks" : 1958373,
      "aggr_write_ticks" : 890264,
      "aggr_in_queue" : 2848638,
      "aggr_util" : 100.000000
    },
    {
      "name" : "sdf",
      "read_ios" : 3004137,
      "write_ios" : 1285796,
      "read_merges" : 0,
      "write_merges" : 0,
      "read_ticks" : 1959207,
      "write_ticks" : 888468,
      "in_queue" : 2847676,