{
  "sequential": {
    "fio version": "fio-3.19",
    "timestamp": 1776430552,
    "timestamp_ms": 1776430552761,
    "time": "Fri Apr 17 12:55:52 2026",
    "jobs": [
      {
        "jobname": "seq-rw",
        "groupid": 0,
        "error": 0,
        "eta": 0,
        "elapsed": 44,
        "job options": {
          "name": "seq-rw",
          "rw": "rw",
          "bs": "1M",
          "size": "1G",
          "numjobs": "1",
          "ioengine": "libaio",
          "direct": "1",
          "filename": "/mnt/bv/testfile"
        },
        "read": {
          "io_bytes": 520093696,
          "io_kbytes": 507904,
          "bw_bytes": 11983173,
          "bw": 11702,
          "iops": 11.428045,
          "runtime": 43402,
          "total_ios": 496,
          "short_ios": 0,
          "drop_ios": 0,
          "slat_ns": {
            "min": 41619,
            "max": 199865,
            "mean": 51595.062500,
            "stddev": 8863.036034,
            "N": 496
          },
          "clat_ns": {
            "min": 2974818,
            "max": 89609447,
            "mean": 43101247.705645,
            "stddev": 5252939.653301,
            "N": 496,
            "percentile": {
              "1.000000": 3719168,
              "5.000000": 39583744,
              "10.000000": 40108032,
              "20.000000": 41156608,
              "30.000000": 42205184,
              "40.000000": 43778048,
              "50.000000": 43778048,
              "60.000000": 44302336,
              "70.000000": 45350912,
              "80.000000": 45350912,
              "90.000000": 45875200,
              "95.000000": 45875200,
              "99.000000": 46399488,
              "99.500000": 46399488,
              "99.900000": 89653248,
              "99.950000": 89653248,
              "99.990000": 89653248
            }
          },
          "lat_ns": {
            "min": 3030602,
            "max": 89658138,
            "mean": 43153140.639113,
            "stddev": 5252788.409515,
            "N": 496
          },
          "bw_min": 4096,
          "bw_max": 22528,
          "bw_agg": 99.997317,
          "bw_mean": 11701.686047,
          "bw_dev": 3277.337328,
          "bw_samples": 86,
          "iops_min": 4,
          "iops_max": 22,
          "iops_mean": 11.406977,
          "iops_stddev": 3.185917,
          "iops_samples": 86
        },
        "write": {
          "io_bytes": 553648128,
          "io_kbytes": 540672,
          "bw_bytes": 12756281,
          "bw": 12457,
          "iops": 12.165338,
          "runtime": 43402,
          "total_ios": 528,
          "short_ios": 0,
          "drop_ios": 0,
          "slat_ns": {
            "min": 37521,
            "max": 155071,
            "mean": 46840.160985,
            "stddev": 7777.617823,
            "N": 528
          },
          "clat_ns": {
            "min": 3312731,
            "max": 45347200,
            "mean": 41610890.058712,
            "stddev": 3247850.110942,
            "N": 528,
            "percentile": {
              "1.000000": 37486592,
              "5.000000": 38010880,
              "10.000000": 38535168,
              "20.000000": 40108032,
              "30.000000": 40108032,
              "40.000000": 42205184,
              "50.000000": 42205184,
              "60.000000": 42729472,
              "70.000000": 43778048,
              "80.000000": 43778048,
              "90.000000": 43778048,
              "95.000000": 43778048,
              "99.000000": 44302336,
              "99.500000": 44302336,
              "99.900000": 45350912,
              "99.950000": 45350912,
              "99.990000": 45350912
            }
          },
          "lat_ns": {
            "min": 3362825,
            "max": 45407774,
            "mean": 41658029.352273,
            "stddev": 3246786.905179,
            "N": 528
          },
          "bw_min": 2048,
          "bw_max": 20480,
          "bw_agg": 99.729115,
          "bw_mean": 12423.255814,
          "bw_dev": 3328.255226,
          "bw_samples": 86,
          "iops_min": 2,
          "iops_max": 20,
          "iops_mean": 12.116279,
          "iops_stddev": 3.248234,
          "iops_samples": 86
        },
        "trim": {
          "io_bytes": 0,
          "io_kbytes": 0,
          "bw_bytes": 0,
          "bw": 0,
          "iops": 0.000000,
          "runtime": 0,
          "total_ios": 0,
          "short_ios": 0,
          "drop_ios": 0,
          "slat_ns": {
            "min": 0,
            "max": 0,
            "mean": 0.000000,
            "stddev": 0.000000,
            "N": 0
          },
          "clat_ns": {
            "min": 0,
            "max": 0,
            "mean": 0.000000,
            "stddev": 0.000000,
            "N": 0
          },
          "lat_ns": {
            "min": 0,
            "max": 0,
            "mean": 0.000000,
            "stddev": 0.000000,
            "N": 0
          },
          "bw_min": 0,
          "bw_max": 0,
          "bw_agg": 0.000000,
          "bw_mean": 0.000000,
          "bw_dev": 0.000000,
          "bw_samples": 0,
          "iops_min": 0,
          "iops_max": 0,
          "iops_mean": 0.000000,
          "iops_stddev": 0.000000,
          "iops_samples": 0
        },
        "sync": {
          "total_ios": 0,
          "lat_ns": {
            "min": 0,
            "max": 0,
            "mean": 0.000000,
            "stddev": 0.000000,
            "N": 0
          }
        },
        "job_runtime": 43401,
        "usr_cpu": 0.018433,
        "sys_cpu": 0.140550,
        "ctx": 1025,
        "majf": 0,
        "minf": 14,
        "iodepth_level": {
          "1": 100.000000,
          "2": 0.000000,
          "4": 0.000000,
          "8": 0.000000,
          "16": 0.000000,
          "32": 0.000000,
          ">=64": 0.000000
        },
        "iodepth_submit": {
          "0": 0.000000,
          "4": 100.000000,
          "8": 0.000000,
          "16": 0.000000,
          "32": 0.000000,
          "64": 0.000000,
          ">=64": 0.000000
        },
        "iodepth_complete": {
          "0": 0.000000,
          "4": 100.000000,
          "8": 0.000000,
          "16": 0.000000,
          "32": 0.000000,
          "64": 0.000000,
          ">=64": 0.000000
        },
        "latency_ns": {
          "2": 0.000000,
          "4": 0.000000,
          "10": 0.000000,
          "20": 0.000000,
          "50": 0.000000,
          "100": 0.000000,
          "250": 0.000000,
          "500": 0.000000,
          "750": 0.000000,
          "1000": 0.000000
        },
        "latency_us": {
          "2": 0.000000,
          "4": 0.000000,
          "10": 0.000000,
          "20": 0.000000,
          "50": 0.000000,
          "100": 0.000000,
          "250": 0.000000,
          "500": 0.000000,
          "750": 0.000000,
          "1000": 0.000000
        },
        "latency_ms": {
          "2": 0.000000,
          "4": 0.683594,
          "10": 0.097656,
          "20": 0.000000,
          "50": 99.121094,
          "100": 0.097656,
          "250": 0.000000,
          "500": 0.000000,
          "750": 0.000000,
          "1000": 0.000000,
          "2000": 0.000000,
          ">=2000": 0.000000
        },
        "latency_depth": 1,
        "latency_target": 0,
        "latency_percentile": 100.000000,
        "latency_window": 0
      }
    ],
    "disk_util": [
      {
        "name": "sdb",
        "read_ios": 495,
        "write_ios": 542,
        "read_merges": 0,
        "write_merges": 8,
        "read_ticks": 21341,
        "write_ticks": 21906,
        "in_queue": 43245,
        "util": 99.808385
      }
    ]
  },
  "random": {
    "fio version": "fio-3.19",
    "timestamp": 1776430727,
    "timestamp_ms": 1776430727518,
    "time": "Fri Apr 17 12:58:47 2026",
    "jobs": [
      {
        "jobname": "rand-rw",
        "groupid": 0,
        "error": 0,
        "eta": 0,
        "elapsed": 173,