{
  "fio version" : "fio-3.19",
  "timestamp" : 1776449123,
  "timestamp_ms" : 1776449123511,
  "time" : "Fri Apr 17 18:05:23 2026",
  "global options" : {
    "runtime" : "60",
    "ioengine" : "libaio",
    "direct" : "1",
    "time_based" : "1",
    "runtime" : "60",
    "ramp_time" : "30",
    "group_reporting" : "1",
    "invalidate" : "1"
  },
  "jobs" : [
    {
      "jobname" : "data-8k",
      "groupid" : 0,
      "error" : 0,
      "eta" : 0,
      "elapsed" : 92,
      "job options" : {
        "size" : "16G",
        "rw" : "rw",
        "bs" : "1M",
        "numjobs" : "2",
        "iodepth" : "16",
        "filename" : "/u04/fra/testfile"
      },
      "read" : {
        "io_bytes" : 29395050496,
        "io_kbytes" : 28706104,
        "bw_bytes" : 484595039,
        "bw" : 473237,
        "iops" : 56196.805091,
        "runtime" : 60659,
        "total_ios" : 3408842,
        "short_ios" : 0,
        "drop_ios" : 0,
        "slat_ns" : {
          "min" : 3695,
          "max" : 664392503,
          "mean" : 10066.033240,
          "stddev" : 817593.145996,
          "N" : 3408842
        },
        "clat_ns" : {
          "min" : 94962,
          "max" : 1485517014,
          "mean" : 1778775.846480,
          "stddev" : 14547274.627654,
          "N" : 3408938,
          "percentile" : {
            "1.000000" : 411648,
            "5.000000" : 497664,
            "10.000000" : 561152,
            "20.000000" : 684032,
            "30.000000" : 815104,
            "40.000000" : 962560,
            "50.000000" : 1155072,
            "60.000000" : 1400832,
            "70.000000" : 1744896,
            "80.000000" : 2211840,
            "90.000000" : 2932736,
            "95.000000" : 3555328,
            "99.000000" : 5079040,
            "99.500000" : 5865472,
            "99.900000" : 8585216,
            "99.950000" : 12517376,
            "99.990000" : 817889280
          }
        },
        "lat_ns" : {
          "min" : 264888,
          "max" : 1485558627,
          "mean" : 1788926.896626,
          "stddev" : 14572184.608134,
          "N" : 3408938
        },
        "bw_min" : 419014,
        "bw_max" : 547541,
        "bw_agg" : 100.000000,
        "bw_mean" : 479397.437120,
        "bw_dev" : 3531.684352,
        "bw_samples" : 708,
        "iops_min" : 51360,
        "iops_max" : 61596,
        "iops_mean" : 56877.883005,
        "iops_stddev" : 346.432538,
        "iops_samples" : 708
      },
      "write" : {
        "io_bytes" : 16974667776,
        "io_kbytes" : 16576824,
        "bw_bytes" : 279837580,
        "bw" : 273278,
        "iops" : 24294.251471,
        "runtime" : 60659,
        "total_ios" : 1473665,
        "short_ios" : 0,
        "drop_ios" : 0,
        "slat_ns" : {
          "min" : 4106,
          "max" : 679579117,
          "mean" : 16009.671107,
          "stddev" : 1868194.075198,
          "N" : 1473666
        },
        "clat_ns" : {
          "min" : 260120,
          "max" : 1585915924,
          "mean" : 2410638.500658,
          "stddev" : 22733881.716158,
          "N" : 1473723,
          "percentile" : {
            "1.000000" : 444416,
            "5.000000" : 536576,
            "10.000000" : 610304,
            "20.000000" : 741376,
            "30.000000" : 905216,
            "40.000000" : 1105920,
            "50.000000" : 1351680,
            "60.000000" : 1662976,
            "70.000000" : 2056192,
            "80.000000" : 2605056,
            "90.000000" : 3424256,
            "95.000000" : 4227072,
            "99.000000" : 6324224,
            "99.500000" : 7176192,
            "99.900000" : 20578304,
            "99.950000" : 700448768,
            "99.990000" : 968884224
          }
        },
        "lat_ns" : {
          "min" : 301191,
          "max" : 1585967491,
          "mean" : 2426729.336723,
          "stddev" : 22845391.821028,
          "N" : 1473723
        },
        "bw_min" : 237761,
        "bw_max" : 334352,
        "bw_agg" : 100.000000,
        "bw_mean" : 277063.717835,
        "bw_dev" : 2510.127141,
        "bw_samples" : 827,
        "iops_min" : 21835,
        "iops_max" : 26623,
        "iops_mean" : 24584.187337,
        "iops_stddev" : 150.144424,
        "iops_samples" : 827
      },
      "trim" : {
        "io_bytes" : 0,
        "io_kbytes" : 0,
        "bw_bytes" : 0,
        "bw" : 0,
        "iops" : 0.000000,
        "runtime" : 0,
        "total_ios" : 0,
        "short_ios" : 0,
        "drop_ios" : 0,
        "slat_ns" : {
          "min" : 0,
          "max" : 0,
          "mean" : 0.000000,
          "stddev" : 0.000000,
          "N" : 0
        },
        "clat_ns" : {
          "min" : 0,
          "max" : 0,
          "mean" : 0.000000,
          "stddev" : 0.000000,
          "N" : 0
        },
        "lat_ns" : {
          "min" : 0,
          "max" : 0,
          "mean" : 0.000000,
          "stddev" : 0.000000,
          "N" : 0
        },
        "bw_min" : 0,
        "bw_max" : 0,
        "bw_agg" : 0.000000,
        "bw_mean" : 0.000000,
        "bw_dev" : 0.000000,
        "bw_samples" : 0,
        "iops_min" : 0,
        "iops_max" : 0,
        "iops_mean" : 0.000000,
        "iops_stddev" : 0.000000,
        "iops_samples" : 0
      },
      "sync" : {
        "total_ios" : 13435,
        "lat_ns" : {
          "min" : 30,
          "max" : 31176,
          "mean" : 127.910755,
          "stddev" : 404.811813,
          "N" : 13435,
          "percentile" : {
            "1.000000" : 40,
            "5.000000" : 50,
            "10.000000" : 60,
            "20.000000" : 70,
            "30.000000" : 80,
            "40.000000" : 100,
            "50.000000" : 110,
            "60.000000" : 120,
            "70.000000" : 141,
            "80.000000" : 161,
            "90.000000" : 201,
            "95.000000" : 231,
            "99.000000" : 362,
            "99.500000" : 410,
            "99.900000" : 772,
            "99.950000" : 4960,
            "99.990000" : 24192
          }
        }
      },
      "job_runtime" : 421291,
      "usr_cpu" : 1.887531,
      "sys_cpu" : 12.734191,
      "ctx" : 2872698,
      "majf" : 0,
      "minf" : 407,
      "iodepth_level" : {
        "1" : 0.550353,
        "2" : 0.000000,
        "4" : 0.000000,
        "8" : 0.000000,
        "16" : 0.100000,
        "32" : 99.667179,
        ">=64" : 0.000000
      },
      "iodepth_submit" : {
        "0" : 0.000000,
        "4" : 100.000000,
        "8" : 0.000000,
        "16" : 0.000000,
        "32" : 0.000000,
        "64" : 0.000000,
        ">=64" : 0.000000
      },
      "iodepth_complete" : {
        "0" : 0.000000,
        "4" : 99.999877,
        "8" : 0.000000,
        "16" : 0.100000,
        "32" : 0.100000,
        "64" : 0.000000,
        ">=64" : 0.000000
      },
      "latency_ns" : {
        "2" : 0.000000,
        "4" : 0.000000,
        "10" : 0.000000,
        "20" : 0.000000,
        "50" : 0.000000,
        "100" : 0.000000,
        "250" : 0.000000,
        "500" : 0.000000,
        "750" : 0.000000,
        "1000" : 0.000000
      },
      "latency_us" : {
        "2" : 0.000000,
        "4" : 0.000000,
        "10" : 0.000000,
        "20" : 0.000000,
        "50" : 0.000000,
        "100" : 0.010000,
        "250" : 0.010000,
        "500" : 4.533777,
        "750" : 19.184775,
        "1000" : 16.464472
      },
      "latency_ms" : {
        "2" : 33.475979,
        "4" : 22.469399,
        "10" : 3.786313,
        "20" : 0.027035,
        "50" : 0.010000,
        "100" : 0.010000,
        "250" : 0.010000,
        "500" : 0.010000,
        "750" : 0.025069,
        "1000" : 0.015218,
        "2000" : 0.010000,
        ">=2000" : 0.000000
      },
      "latency_depth" : 16,
      "latency_target" : 0,
      "latency_percentile" : 100.000000,
      "latency_window" : 0
    }
  ],
  "disk_util" : [
    {
      "name" : "dm-4",
      "read_ios" : 5099589,
      "write_ios" : 2186250,