{
  "fio version" : "fio-3.19",
  "timestamp" : 1776451380,
  "timestamp_ms" : 1776451380619,
  "time" : "Fri Apr 17 18:43:00 2026",
  "global options" : {
    "runtime" : "900",
    "ioengine" : "libaio",
    "direct" : "1",
    "time_based" : "1",
    "runtime" : "900",
    "ramp_time" : "30",
    "group_reporting" : "1",
    "invalidate" : "1"
  },
  "jobs" : [
    {
      "jobname" : "data-8k",
      "groupid" : 0,
      "error" : 0,
      "eta" : 0,
      "elapsed" : 931,
      "job options" : {
        "size" : "16G",
        "rw" : "rw",
        "bs" : "1M",
        "numjobs" : "2",
        "iodepth" : "16",
        "filename" : "/u04/fra/testfile"
      },
      "read" : {
        "io_bytes" : 409053921280,
        "io_kbytes" : 399466720,
        "bw_bytes" : 454169280,
        "bw" : 443524,
        "iops" : 52445.780002,
        "runtime" : 900664,
        "total_ios" : 47236026,
        "short_ios" : 0,
        "drop_ios" : 0,
        "slat_ns" : {
          "min" : 2904,
          "max" : 741286194,
          "mean" : 10035.007732,
          "stddev" : 742581.447337,
          "N" : 47236026
        },
        "clat_ns" : {
          "min" : 26650,
          "max" : 1704711371,
          "mean" : 2019076.192838,
          "stddev" : 19326555.474290,
          "N" : 47236114,
          "percentile" : {
            "1.000000" : 407552,
            "5.000000" : 489472,
            "10.000000" : 552960,
            "20.000000" : 667648,
            "30.000000" : 798720,
            "40.000000" : 954368,
            "50.000000" : 1171456,
            "60.000000" : 1466368,
            "70.000000" : 1892352,
            "80.000000" : 2506752,
            "90.000000" : 3358720,
            "95.000000" : 4112384,
            "99.000000" : 5931008,
            "99.500000" : 6914048,
            "99.900000" : 10289152,
            "99.950000" : 15400960,
            "99.990000" : 1115684864
          }
        },
        "lat_ns" : {
          "min" : 263686,
          "max" : 1704762377,
          "mean" : 2029192.940647,
          "stddev" : 19354463.393049,
          "N" : 47236114
        },
        "bw_min" : 353577,
        "bw_max" : 535437,
        "bw_agg" : 100.000000,
        "bw_mean" : 444709.064356,
        "bw_dev" : 4454.236404,
        "bw_samples" : 10712,
        "iops_min" : 43687,
        "iops_max" : 59576,
        "iops_mean" : 52547.868990,
        "iops_stddev" : 489.905603,
        "iops_samples" : 10712
      },
      "write" : {
        "io_bytes" : 240538738688,
        "io_kbytes" : 234901112,
        "bw_bytes" : 267068228,
        "bw" : 260808,
        "iops" : 22712.252294,
        "runtime" : 900664,
        "total_ios" : 20456108,
        "short_ios" : 0,
        "drop_ios" : 0,
        "slat_ns" : {
          "min" : 3265,
          "max" : 679405517,
          "mean" : 14184.686813,
          "stddev" : 1468537.540705,
          "N" : 20456108
        },
        "clat_ns" : {
          "min" : 201332,
          "max" : 1728917020,
          "mean" : 2373485.113369,
          "stddev" : 18168561.833242,
          "N" : 20456174,
          "percentile" : {
            "1.000000" : 432128,
            "5.000000" : 518144,
            "10.000000" : 585728,
            "20.000000" : 716800,
            "30.000000" : 872448,
            "40.000000" : 1073152,
            "50.000000" : 1351680,
            "60.000000" : 1744896,
            "70.000000" : 2244608,
            "80.000000" : 2899968,
            "90.000000" : 3883008,
            "95.000000" : 4816896,
            "99.000000" : 7110656,
            "99.500000" : 8290304,
            "99.900000" : 84410368,
            "99.950000" : 463470592,
            "99.990000" : 884998144
          }
        },
        "lat_ns" : {
          "min" : 292348,
          "max" : 1728980285,
          "mean" : 2387752.009328,
          "stddev" : 18249972.663498,
          "N" : 20456174
        },
        "bw_min" : 208060,
        "bw_max" : 348766,
        "bw_agg" : 100.000000,
        "bw_mean" : 261669.060965,
        "bw_dev" : 2901.187971,
        "bw_samples" : 12503,
        "iops_min" : 18751,
        "iops_max" : 26156,
        "iops_mean" : 22754.080463,
        "iops_stddev" : 202.083970,
        "iops_samples" : 12503
      },
      "trim" : {
        "io_bytes" : 0,
        "io_kbytes" : 0,
        "bw_bytes" : 0,
        "bw" : 0,
        "iops" : 0.000000,
        "runtime" : 0,
        "total_ios" : 0,
        "short_ios" : 0,
        "drop_ios" : 0,
        "slat_ns" : {
          "min" : 0,
          "max" : 0,
          "mean" : 0.000000,
          "stddev" : 0.000000,
          "N" : 0
        },
        "clat_ns" : {
          "min" : 0,
          "max" : 0,
          "mean" : 0.000000,
          "stddev" : 0.000000,
          "N" : 0
        },
        "lat_ns" : {
          "min" : 0,
          "max" : 0,
          "mean" : 0.000000,
          "stddev" : 0.000000,
          "N" : 0
        },
        "bw_min" : 0,
        "bw_max" : 0,
        "bw_agg" : 0.000000,
        "bw_mean" : 0.000000,
        "bw_dev" : 0.000000,
        "bw_samples" : 0,
        "iops_min" : 0,
        "iops_max" : 0,
        "iops_mean" : 0.000000,
        "iops_stddev" : 0.000000,
        "iops_samples" : 0
      },
      "sync" : {
        "total_ios" : 201355,
        "lat_ns" : {
          "min" : 30,
          "max" : 49454,
          "mean" : 114.348712,
          "stddev" : 353.699703,
          "N" : 201355,
          "percentile" : {
            "1.000000" : 40,
            "5.000000" : 50,
            "10.000000" : 50,
            "20.000000" : 70,
            "30.000000" : 80,
            "40.000000" : 90,
            "50.000000" : 91,
            "60.000000" : 101,
            "70.000000" : 120,
            "80.000000" : 141,
            "90.000000" : 171,
            "95.000000" : 201,
            "99.000000" : 330,
            "99.500000" : 382,
            "99.900000" : 700,
            "99.950000" : 6048,
            "99.990000" : 16768
          }
        }
      },
      "job_runtime" : 6301317,
      "usr_cpu" : 1.776248,
      "sys_cpu" : 11.851602,
      "ctx" : 40083780,
      "majf" : 0,
      "minf" : 410,
      "iodepth_level" : {
        "1" : 0.594914,
        "2" : 0.000000,
        "4" : 0.000000,
        "8" : 0.000000,
        "16" : 0.100000,
        "32" : 99.640220,
        ">=64" : 0.000000
      },
      "iodepth_submit" : {
        "0" : 0.000000,
        "4" : 100.000000,
        "8" : 0.000000,
        "16" : 0.000000,
        "32" : 0.000000,
        "64" : 0.000000,
        ">=64" : 0.000000
      },
      "iodepth_complete" : {
        "0" : 0.000000,
        "4" : 99.999991,
        "8" : 0.000000,
        "16" : 0.100000,
        "32" : 0.100000,
        "64" : 0.000000,
        ">=64" : 0.000000
      },
      "latency_ns" : {
        "2" : 0.000000,
        "4" : 0.000000,
        "10" : 0.000000,
        "20" : 0.000000,
        "50" : 0.000000,
        "100" : 0.000000,
        "250" : 0.000000,
        "500" : 0.000000,
        "750" : 0.000000,
        "1000" : 0.000000
      },
      "latency_us" : {
        "2" : 0.000000,
        "4" : 0.000000,
        "10" : 0.000000,
        "20" : 0.000000,
        "50" : 0.010000,
        "100" : 0.010000,
        "250" : 0.010000,
        "500" : 5.150485,
        "750" : 20.065495,
        "1000" : 15.455887
      },
      "latency_ms" : {
        "2" : 29.390749,
        "4" : 23.217788,
        "10" : 6.572425,
        "20" : 0.082778,
        "50" : 0.010000,
        "100" : 0.010000,
        "250" : 0.010000,
        "500" : 0.011920,
        "750" : 0.014124,
        "1000" : 0.013340,
        "2000" : 0.013941,
        ">=2000" : 0.000000
      },
      "latency_depth" : 16,
      "latency_target" : 0,
      "latency_percentile" : 100.000000,
      "latency_window" : 0
    }
  ],
  "disk_util" : [
    {
      "name" : "dm-4",
      "read_ios" : 48777546,