{
  "fio version" : "fio-3.19",
  "timestamp" : 1777146997,
  "timestamp_ms" : 1777146997920,
  "time" : "Sat Apr 25 19:56:37 2026",
  "jobs" : [
    {
      "jobname" : "randrw-4k",
      "groupid" : 0,
      "error" : 0,
      "eta" : 0,
      "elapsed" : 121,
      "job options" : {
        "name" : "randrw-4k",
        "rw" : "randrw",
        "rwmixread" : "70",
        "bs" : "4k",
        "size" : "16G",
        "time_based" : "1",
        "runtime" : "120",
        "numjobs" : "4",
        "iodepth" : "32",
        "ioengine" : "libaio",
        "direct" : "1",
        "filename" : "/mnt/sprint22/testfile"
      },
      "read" : {
        "io_bytes" : 1049006080,
        "io_kbytes" : 1024420,
        "bw_bytes" : 8733057,
        "bw" : 8528,
        "iops" : 2132.094007,
        "runtime" : 120119,
        "total_ios" : 256105,
        "short_ios" : 0,
        "drop_ios" : 0,
        "slat_ns" : {
          "min" : 3666,
          "max" : 94432,
          "mean" : 8954.222920,
          "stddev" : 2175.294892,
          "N" : 256105
        },
        "clat_ns" : {
          "min" : 268904,
          "max" : 258766338,
          "mean" : 51236416.167225,
          "stddev" : 60326004.237357,
          "N" : 256105,
          "percentile" : {
            "1.000000" : 692224,
            "5.000000" : 1155072,
            "10.000000" : 1597440,
            "20.000000" : 2834432,
            "30.000000" : 4358144,
            "40.000000" : 6389760,
            "50.000000" : 11075584,
            "60.000000" : 32636928,
            "70.000000" : 87556096,
            "80.000000" : 135266304,
            "90.000000" : 149946368,
            "95.000000" : 156237824,
            "99.000000" : 164626432,
            "99.500000" : 166723584,
            "99.900000" : 173015040,
            "99.950000" : 177209344,
            "99.990000" : 221249536
          }
        },
        "lat_ns" : {
          "min" : 285418,
          "max" : 258774431,
          "mean" : 51245460.777431,
          "stddev" : 60326005.057202,
          "N" : 256105
        },
        "bw_min" : 6872,
        "bw_max" : 33732,
        "bw_agg" : 99.840447,
        "bw_mean" : 8514.393305,
        "bw_dev" : 431.494733,
        "bw_samples" : 956,
        "iops_min" : 1718,
        "iops_max" : 8431,
        "iops_mean" : 2128.564854,
        "iops_stddev" : 107.842940,
        "iops_samples" : 956
      },
      "write" : {
        "io_bytes" : 450084864,
        "io_kbytes" : 439536,
        "bw_bytes" : 3746991,
        "bw" : 3659,
        "iops" : 914.792830,
        "runtime" : 120119,
        "total_ios" : 109884,
        "short_ios" : 0,
        "drop_ios" : 0,
        "slat_ns" : {
          "min" : 3645,
          "max" : 86510,
          "mean" : 9752.364675,
          "stddev" : 2351.688130,
          "N" : 109884
        },
        "clat_ns" : {
          "min" : 397427,
          "max" : 147405935,
          "mean" : 20465122.890976,
          "stddev" : 15168912.820917,
          "N" : 109884,
          "percentile" : {
            "1.000000" : 929792,
            "5.000000" : 1564672,
            "10.000000" : 2572288,
            "20.000000" : 4816896,
            "30.000000" : 7176192,
            "40.000000" : 10289152,
            "50.000000" : 17170432,
            "60.000000" : 28966912,
            "70.000000" : 32899072,
            "80.000000" : 35913728,
            "90.000000" : 39583744,
            "95.000000" : 43253760,
            "99.000000" : 51642368,
            "99.500000" : 55312384,
            "99.900000" : 63176704,
            "99.950000" : 66322432,
            "99.990000" : 78118912
          }
        },
        "lat_ns" : {
          "min" : 405959,
          "max" : 147412625,
          "mean" : 20474966.984302,
          "stddev" : 15168959.923664,
          "N" : 109884
        },
        "bw_min" : 2632,
        "bw_max" : 15144,
        "bw_agg" : 99.872156,
        "bw_mean" : 3654.322176,
        "bw_dev" : 210.211533,
        "bw_samples" : 956,
        "iops_min" : 658,
        "iops_max" : 3785,
        "iops_mean" : 913.560669,
        "iops_stddev" : 52.539718,
        "iops_samples" : 956
      },
      "trim" : {
        "io_bytes" : 0,
        "io_kbytes" : 0,
        "bw_bytes" : 0,
        "bw" : 0,
        "iops" : 0.000000,
        "runtime" : 0,
        "total_ios" : 0,
        "short_ios" : 0,
        "drop_ios" : 0,
        "slat_ns" : {
          "min" : 0,
          "max" : 0,
          "mean" : 0.000000,
          "stddev" : 0.000000,
          "N" : 0
        },
        "clat_ns" : {
          "min" : 0,
          "max" : 0,
          "mean" : 0.000000,
          "stddev" : 0.000000,
          "N" : 0
        },
        "lat_ns" : {
          "min" : 0,
          "max" : 0,
          "mean" : 0.000000,
          "stddev" : 0.000000,
          "N" : 0
        },
        "bw_min" : 0,
        "bw_max" : 0,
        "bw_agg" : 0.000000,
        "bw_mean" : 0.000000,
        "bw_dev" : 0.000000,
        "bw_samples" : 0,
        "iops_min" : 0,
        "iops_max" : 0,
        "iops_mean" : 0.000000,
        "iops_stddev" : 0.000000,
        "iops_samples" : 0
      },
      "sync" : {
        "total_ios" : 0,
        "lat_ns" : {
          "min" : 0,
          "max" : 0,
          "mean" : 0.000000,
          "stddev" : 0.000000,
          "N" : 0
        }
      },
      "job_runtime" : 480461,
      "usr_cpu" : 0.199184,
      "sys_cpu" : 1.099361,
      "ctx" : 360264,
      "majf" : 0,
      "minf" : 71,
      "iodepth_level" : {
        "1" : 0.100000,
        "2" : 0.100000,
        "4" : 0.100000,
        "8" : 0.100000,
        "16" : 0.100000,
        "32" : 99.966119,
        ">=64" : 0.000000
      },
      "iodepth_submit" : {
        "0" : 0.000000,
        "4" : 100.000000,
        "8" : 0.000000,
        "16" : 0.000000,
        "32" : 0.000000,
        "64" : 0.000000,
        ">=64" : 0.000000
      },
      "iodepth_complete" : {
        "0" : 0.000000,
        "4" : 99.998907,
        "8" : 0.000000,
        "16" : 0.000000,
        "32" : 0.100000,
        "64" : 0.000000,
        ">=64" : 0.000000
      },
      "latency_ns" : {
        "2" : 0.000000,
        "4" : 0.000000,
        "10" : 0.000000,
        "20" : 0.000000,
        "50" : 0.000000,
        "100" : 0.000000,
        "250" : 0.000000,
        "500" : 0.000000,
        "750" : 0.000000,
        "1000" : 0.000000
      },
      "latency_us" : {
        "2" : 0.000000,
        "4" : 0.000000,
        "10" : 0.000000,
        "20" : 0.000000,
        "50" : 0.000000,
        "100" : 0.000000,
        "250" : 0.000000,
        "500" : 0.100003,
        "750" : 1.013692,
        "1000" : 1.724915
      },
      "latency_ms" : {
        "2" : 8.729224,
        "4" : 12.887273,
        "10" : 21.506384,
        "20" : 8.355442,
        "50" : 20.036395,
        "100" : 6.247729,
        "250" : 19.397304,
        "500" : 0.010000,
        "750" : 0.000000,
        "1000" : 0.000000,
        "2000" : 0.000000,
        ">=2000" : 0.000000
      },
      "latency_depth" : 32,
      "latency_target" : 0,
      "latency_percentile" : 100.000000,
      "latency_window" : 0
    }
  ],
  "disk_util" : [
    {
      "name" : "dm-0",
      "read_ios" : 256105,
      "write_ios" : 109992,
      "read_merges" : 0,
      "write_merges" : 0,
      "read_ticks" : 13108337,
      "write_ticks" : 2252232,
      "in_queue" : 15360569,
      "util" : 100.000000,
      "aggr_read_ios" : 256105,
      "aggr_write_ios" : 110003,
      "aggr_read_merges" : 0,
      "aggr_write_merge" : 36,
      "aggr_read_ticks" : 13116062,
      "aggr_write_ticks" : 2251301,
      "aggr_in_queue" : 15367362,
      "aggr_util" : 100.000000
    },
    {
      "name" : "sda",
      "read_ios" : 256105,
      "write_ios" : 110003,
      "read_merges" : 0,
      "write_merges" : 36,
      "read_ticks" : 13116062,
      "write_ticks" : 2251301,