{
  "fio version" : "fio-3.19",
  "timestamp" : 1777144293,
  "timestamp_ms" : 1777144293090,
  "time" : "Sat Apr 25 19:11:33 2026",
  "jobs" : [
    {
      "jobname" : "randrw-4k",
      "groupid" : 0,
      "error" : 0,
      "eta" : 0,
      "elapsed" : 121,
      "job options" : {
        "name" : "randrw-4k",
        "rw" : "randrw",
        "rwmixread" : "70",
        "bs" : "4k",
        "size" : "16G",
        "time_based" : "1",
        "runtime" : "120",
        "numjobs" : "4",
        "iodepth" : "32",
        "ioengine" : "libaio",
        "direct" : "1",
        "filename" : "/mnt/sprint22/testfile"
      },
      "read" : {
        "io_bytes" : 16039116800,
        "io_kbytes" : 15663200,
        "bw_bytes" : 133655965,
        "bw" : 130523,
        "iops" : 32630.850895,
        "runtime" : 120003,
        "total_ios" : 3915800,
        "short_ios" : 0,
        "drop_ios" : 0,
        "slat_ns" : {
          "min" : 2964,
          "max" : 171958,
          "mean" : 8412.178809,
          "stddev" : 6647.729751,
          "N" : 3915800
        },
        "clat_ns" : {
          "min" : 293521,
          "max" : 29984228,
          "mean" : 2688979.670807,
          "stddev" : 1756282.440730,
          "N" : 3915800,
          "percentile" : {
            "1.000000" : 602112,
            "5.000000" : 765952,
            "10.000000" : 913408,
            "20.000000" : 1187840,
            "30.000000" : 1482752,
            "40.000000" : 1826816,
            "50.000000" : 2244608,
            "60.000000" : 2768896,
            "70.000000" : 3325952,
            "80.000000" : 3948544,
            "90.000000" : 4947968,
            "95.000000" : 6127616,
            "99.000000" : 8454144,
            "99.500000" : 9371648,
            "99.900000" : 11599872,
            "99.950000" : 12910592,
            "99.990000" : 15925248
          }
        },
        "lat_ns" : {
          "min" : 319739,
          "max" : 30001393,
          "mean" : 2697469.573268,
          "stddev" : 1756052.555010,
          "N" : 3915800
        },
        "bw_min" : 113400,
        "bw_max" : 145096,
        "bw_agg" : 100.000000,
        "bw_mean" : 130731.690377,
        "bw_dev" : 1463.708086,
        "bw_samples" : 956,
        "iops_min" : 28350,
        "iops_max" : 36276,
        "iops_mean" : 32682.644351,
        "iops_stddev" : 365.931838,
        "iops_samples" : 956
      },
      "write" : {
        "io_bytes" : 6881812480,
        "io_kbytes" : 6720520,
        "bw_bytes" : 57347003,
        "bw" : 56002,
        "iops" : 14000.733315,
        "runtime" : 120003,
        "total_ios" : 1680130,
        "short_ios" : 0,
        "drop_ios" : 0,
        "slat_ns" : {
          "min" : 3376,
          "max" : 162805,
          "mean" : 8626.564883,
          "stddev" : 6624.563118,
          "N" : 1680130
        },
        "clat_ns" : {
          "min" : 330666,
          "max" : 23665948,
          "mean" : 2844984.110547,
          "stddev" : 1838120.472220,
          "N" : 1680130,
          "percentile" : {
            "1.000000" : 675840,
            "5.000000" : 864256,
            "10.000000" : 1028096,
            "20.000000" : 1335296,
            "30.000000" : 1630208,
            "40.000000" : 1941504,
            "50.000000" : 2342912,
            "60.000000" : 2801664,
            "70.000000" : 3391488,
            "80.000000" : 4145152,
            "90.000000" : 5341184,
            "95.000000" : 6520832,
            "99.000000" : 8847360,
            "99.500000" : 9764864,
            "99.900000" : 11993088,
            "99.950000" : 13172736,
            "99.990000" : 15794176
          }
        },
        "lat_ns" : {
          "min" : 358398,
          "max" : 23670024,
          "mean" : 2853688.343788,
          "stddev" : 1837943.811701,
          "N" : 1680130
        },
        "bw_min" : 49392,
        "bw_max" : 63360,
        "bw_agg" : 100.000000,
        "bw_mean" : 56092.606695,
        "bw_dev" : 671.646267,
        "bw_samples" : 956,
        "iops_min" : 12348,
        "iops_max" : 15840,
        "iops_mean" : 14022.899582,
        "iops_stddev" : 167.898009,
        "iops_samples" : 956
      },
      "trim" : {
        "io_bytes" : 0,
        "io_kbytes" : 0,
        "bw_bytes" : 0,
        "bw" : 0,
        "iops" : 0.000000,
        "runtime" : 0,
        "total_ios" : 0,
        "short_ios" : 0,
        "drop_ios" : 0,
        "slat_ns" : {
          "min" : 0,
          "max" : 0,
          "mean" : 0.000000,
          "stddev" : 0.000000,
          "N" : 0
        },
        "clat_ns" : {
          "min" : 0,
          "max" : 0,
          "mean" : 0.000000,
          "stddev" : 0.000000,
          "N" : 0
        },
        "lat_ns" : {
          "min" : 0,
          "max" : 0,
          "mean" : 0.000000,
          "stddev" : 0.000000,
          "N" : 0
        },
        "bw_min" : 0,
        "bw_max" : 0,
        "bw_agg" : 0.000000,
        "bw_mean" : 0.000000,
        "bw_dev" : 0.000000,
        "bw_samples" : 0,
        "iops_min" : 0,
        "iops_max" : 0,
        "iops_mean" : 0.000000,
        "iops_stddev" : 0.000000,
        "iops_samples" : 0
      },
      "sync" : {
        "total_ios" : 0,
        "lat_ns" : {
          "min" : 0,
          "max" : 0,
          "mean" : 0.000000,
          "stddev" : 0.000000,
          "N" : 0
        }
      },
      "job_runtime" : 480008,
      "usr_cpu" : 1.547058,
      "sys_cpu" : 13.277695,
      "ctx" : 3804602,
      "majf" : 0,
      "minf" : 66,
      "iodepth_level" : {
        "1" : 0.100000,
        "2" : 0.100000,
        "4" : 0.100000,
        "8" : 0.100000,
        "16" : 0.100000,
        "32" : 99.997784,
        ">=64" : 0.000000
      },
      "iodepth_submit" : {
        "0" : 0.000000,
        "4" : 100.000000,
        "8" : 0.000000,
        "16" : 0.000000,
        "32" : 0.000000,
        "64" : 0.000000,
        ">=64" : 0.000000
      },
      "iodepth_complete" : {
        "0" : 0.000000,
        "4" : 99.999929,
        "8" : 0.000000,
        "16" : 0.000000,
        "32" : 0.100000,
        "64" : 0.000000,
        ">=64" : 0.000000
      },
      "latency_ns" : {
        "2" : 0.000000,
        "4" : 0.000000,
        "10" : 0.000000,
        "20" : 0.000000,
        "50" : 0.000000,
        "100" : 0.000000,
        "250" : 0.000000,
        "500" : 0.000000,
        "750" : 0.000000,
        "1000" : 0.000000
      },
      "latency_us" : {
        "2" : 0.000000,
        "4" : 0.000000,
        "10" : 0.000000,
        "20" : 0.000000,
        "50" : 0.000000,
        "100" : 0.000000,
        "250" : 0.000000,
        "500" : 0.132775,
        "750" : 3.713127,
        "1000" : 8.137110
      },
      "latency_ms" : {
        "2" : 31.573679,
        "4" : 36.281905,
        "10" : 19.823872,
        "20" : 0.336691,
        "50" : 0.010000,
        "100" : 0.000000,
        "250" : 0.000000,
        "500" : 0.000000,
        "750" : 0.000000,
        "1000" : 0.000000,
        "2000" : 0.000000,
        ">=2000" : 0.000000
      },
      "latency_depth" : 32,
      "latency_target" : 0,
      "latency_percentile" : 100.000000,
      "latency_window" : 0
    }
  ],
  "disk_util" : [
    {
      "name" : "dm-2",
      "read_ios" : 3908674,
      "write_ios" : 1677137,
      "read_merges" : 91,
      "write_merges" : 23,
      "read_ticks" : 10532878,
      "write_ticks" : 4766160,
      "in_queue" : 15299038,
      "util" : 100.000000,
      "aggr_read_ios" : 892199,
      "aggr_write_ios" : 383947,
      "aggr_read_merges" : 0,
      "aggr_write_merge" : 0,
      "aggr_read_ticks" : 519038,
      "aggr_write_ticks" : 238372,
      "aggr_in_queue" : 757411,
      "aggr_util" : 100.000000
    },
    {
      "name" : "sdf",
      "read_ios" : 6,
      "write_ios" : 0,
      "read_merges" : 0,
      "write_merges" : 0,
      "read_ticks" : 1,
      "write_ticks" : 0,
      "in_queue" : 1,