{
  "fio version" : "fio-3.19",
  "timestamp" : 1777146865,
  "timestamp_ms" : 1777146865349,
  "time" : "Sat Apr 25 19:54:25 2026",
  "jobs" : [
    {
      "jobname" : "randrw-4k",
      "groupid" : 0,
      "error" : 0,
      "eta" : 0,
      "elapsed" : 121,
      "job options" : {
        "name" : "randrw-4k",
        "rw" : "randrw",
        "rwmixread" : "70",
        "bs" : "4k",
        "size" : "16G",
        "time_based" : "1",
        "runtime" : "120",
        "numjobs" : "4",
        "iodepth" : "32",
        "ioengine" : "libaio",
        "direct" : "1",
        "filename" : "/mnt/sprint22/testfile"
      },
      "read" : {
        "io_bytes" : 1046175744,
        "io_kbytes" : 1021656,
        "bw_bytes" : 8709711,
        "bw" : 8505,
        "iops" : 2126.394485,
        "runtime" : 120116,
        "total_ios" : 255414,
        "short_ios" : 0,
        "drop_ios" : 0,
        "slat_ns" : {
          "min" : 3545,
          "max" : 88693,
          "mean" : 8281.774730,
          "stddev" : 2218.252257,
          "N" : 255414
        },
        "clat_ns" : {
          "min" : 274491,
          "max" : 266487744,
          "mean" : 52496739.076930,
          "stddev" : 67155608.225575,
          "N" : 255414,
          "percentile" : {
            "1.000000" : 659456,
            "5.000000" : 1036288,
            "10.000000" : 1400832,
            "20.000000" : 2310144,
            "30.000000" : 3358720,
            "40.000000" : 4685824,
            "50.000000" : 6389760,
            "60.000000" : 10027008,
            "70.000000" : 124256256,
            "80.000000" : 147849216,
            "90.000000" : 154140672,
            "95.000000" : 158334976,
            "99.000000" : 166723584,
            "99.500000" : 168820736,
            "99.900000" : 173015040,
            "99.950000" : 177209344,
            "99.990000" : 223346688
          }
        },
        "lat_ns" : {
          "min" : 283956,
          "max" : 266498550,
          "mean" : 52505118.406528,
          "stddev" : 67155632.759555,
          "N" : 255414
        },
        "bw_min" : 6648,
        "bw_max" : 32591,
        "bw_agg" : 99.890195,
        "bw_mean" : 8495.661088,
        "bw_dev" : 419.390664,
        "bw_samples" : 956,
        "iops_min" : 1662,
        "iops_max" : 8147,
        "iops_mean" : 2123.912134,
        "iops_stddev" : 104.836319,
        "iops_samples" : 956
      },
      "write" : {
        "io_bytes" : 448864256,
        "io_kbytes" : 438344,
        "bw_bytes" : 3736923,
        "bw" : 3649,
        "iops" : 912.334743,
        "runtime" : 120116,
        "total_ios" : 109586,
        "short_ios" : 0,
        "drop_ios" : 0,
        "slat_ns" : {
          "min" : 3746,
          "max" : 49644,
          "mean" : 8981.903665,
          "stddev" : 2377.390672,
          "N" : 109586
        },
        "clat_ns" : {
          "min" : 348633,
          "max" : 147911054,
          "mean" : 17905048.339916,
          "stddev" : 15198215.179075,
          "N" : 109586,
          "percentile" : {
            "1.000000" : 856064,
            "5.000000" : 1400832,
            "10.000000" : 2179072,
            "20.000000" : 3915776,
            "30.000000" : 5734400,
            "40.000000" : 7766016,
            "50.000000" : 10551296,
            "60.000000" : 17694720,
            "70.000000" : 31064064,
            "80.000000" : 34865152,
            "90.000000" : 39059456,
            "95.000000" : 42729472,
            "99.000000" : 51118080,
            "99.500000" : 55836672,
            "99.900000" : 64749568,
            "99.950000" : 67633152,
            "99.990000" : 119013376
          }
        },
        "lat_ns" : {
          "min" : 356625,
          "max" : 147919897,
          "mean" : 17914131.108362,
          "stddev" : 15198248.974620,
          "N" : 109586
        },
        "bw_min" : 2464,
        "bw_max" : 14775,
        "bw_agg" : 99.909186,
        "bw_mean" : 3645.686192,
        "bw_dev" : 208.312528,
        "bw_samples" : 956,
        "iops_min" : 616,
        "iops_max" : 3692,
        "iops_mean" : 911.414226,
        "iops_stddev" : 52.053895,
        "iops_samples" : 956
      },
      "trim" : {
        "io_bytes" : 0,
        "io_kbytes" : 0,
        "bw_bytes" : 0,
        "bw" : 0,
        "iops" : 0.000000,
        "runtime" : 0,
        "total_ios" : 0,
        "short_ios" : 0,
        "drop_ios" : 0,
        "slat_ns" : {
          "min" : 0,
          "max" : 0,
          "mean" : 0.000000,
          "stddev" : 0.000000,
          "N" : 0
        },
        "clat_ns" : {
          "min" : 0,
          "max" : 0,
          "mean" : 0.000000,
          "stddev" : 0.000000,
          "N" : 0
        },
        "lat_ns" : {
          "min" : 0,
          "max" : 0,
          "mean" : 0.000000,
          "stddev" : 0.000000,
          "N" : 0
        },
        "bw_min" : 0,
        "bw_max" : 0,
        "bw_agg" : 0.000000,
        "bw_mean" : 0.000000,
        "bw_dev" : 0.000000,
        "bw_samples" : 0,
        "iops_min" : 0,
        "iops_max" : 0,
        "iops_mean" : 0.000000,
        "iops_stddev" : 0.000000,
        "iops_samples" : 0
      },
      "sync" : {
        "total_ios" : 0,
        "lat_ns" : {
          "min" : 0,
          "max" : 0,
          "mean" : 0.000000,
          "stddev" : 0.000000,
          "N" : 0
        }
      },
      "job_runtime" : 480450,
      "usr_cpu" : 0.195650,
      "sys_cpu" : 1.083567,
      "ctx" : 360210,
      "majf" : 0,
      "minf" : 74,
      "iodepth_level" : {
        "1" : 0.100000,
        "2" : 0.100000,
        "4" : 0.100000,
        "8" : 0.100000,
        "16" : 0.100000,
        "32" : 99.966027,
        ">=64" : 0.000000
      },
      "iodepth_submit" : {
        "0" : 0.000000,
        "4" : 100.000000,
        "8" : 0.000000,
        "16" : 0.000000,
        "32" : 0.000000,
        "64" : 0.000000,
        ">=64" : 0.000000
      },
      "iodepth_complete" : {
        "0" : 0.000000,
        "4" : 99.998904,
        "8" : 0.000000,
        "16" : 0.000000,
        "32" : 0.100000,
        "64" : 0.000000,
        ">=64" : 0.000000
      },
      "latency_ns" : {
        "2" : 0.000000,
        "4" : 0.000000,
        "10" : 0.000000,
        "20" : 0.000000,
        "50" : 0.000000,
        "100" : 0.000000,
        "250" : 0.000000,
        "500" : 0.000000,
        "750" : 0.000000,
        "1000" : 0.000000
      },
      "latency_us" : {
        "2" : 0.000000,
        "4" : 0.000000,
        "10" : 0.000000,
        "20" : 0.000000,
        "50" : 0.000000,
        "100" : 0.000000,
        "250" : 0.000000,
        "500" : 0.093425,
        "750" : 1.287397,
        "1000" : 2.406027
      },
      "latency_ms" : {
        "2" : 10.526301,
        "4" : 16.266575,
        "10" : 25.901370,
        "20" : 6.708767,
        "50" : 12.206849,
        "100" : 2.984932,
        "250" : 21.616438,
        "500" : 0.010000,
        "750" : 0.000000,
        "1000" : 0.000000,
        "2000" : 0.000000,
        ">=2000" : 0.000000
      },
      "latency_depth" : 32,
      "latency_target" : 0,
      "latency_percentile" : 100.000000,
      "latency_window" : 0
    }
  ],
  "disk_util" : [
    {
      "name" : "dm-0",
      "read_ios" : 255414,
      "write_ios" : 109688,
      "read_merges" : 0,
      "write_merges" : 0,
      "read_ticks" : 13392325,
      "write_ticks" : 1968778,
      "in_queue" : 15361103,
      "util" : 100.000000,
      "aggr_read_ios" : 255414,
      "aggr_write_ios" : 109694,
      "aggr_read_merges" : 0,
      "aggr_write_merge" : 33,
      "aggr_read_ticks" : 13402993,
      "aggr_write_ticks" : 1967842,
      "aggr_in_queue" : 15370834,
      "aggr_util" : 100.000000
    },
    {
      "name" : "sda",
      "read_ios" : 255414,
      "write_ios" : 109694,
      "read_merges" : 0,
      "write_merges" : 33,
      "read_ticks" : 13402993,
      "write_ticks" : 1967842,